src,dst
57,207
992,341
992,341
992,341
330,967
330,967
494,564
906,527
822,405
909,916
909,916
37,247
37,247
119,900
853,832
595,718
819,572
819,572
819,572
290,189
290,189
301,295
38,923
38,923
571,608
571,608
503,444
415,477
452,25
669,374
669,374
503,231
503,231
461,354
461,354
666,83
436,980
436,980
436,980
436,980
436,980
436,980
744,135
417,645
299,675
299,675
299,675
299,675
299,675
299,675
126,322
421,874
971,132
596,774
596,774
927,804
927,804
583,813
306,611
398,220
398,220
113,545
113,545
418,306
126,747
424,729
819,148
792,755
792,755
792,755
792,755
231,596
231,596
320,129
576,811
511,50
944,834
944,834
944,834
891,65
282,965
456,240
916,299
2,507
2,507
2,507
2,507
2,507
996,309
996,309
997,652
997,652
997,652
141,292
11,490
790,40
360,31
231,609
533,463
533,463
533,463
396,661
396,661
349,279
349,279
381,336
809,491
573,889
219,180
728,365
728,365
728,365
728,365
500,753
116,406
116,406
284,340
284,340
693,543
693,543
248,556
967,572
340,536
691,894
876,289
876,289
876,289
876,289
187,283
653,955
653,955
653,955
553,191
553,191
232,127
232,127
232,127
132,44
618,955
143,353
143,353
61,637
297,806
297,806
625,948
625,948
205,812
205,812
312,203
707,211
831,680
831,680
831,680
831,680
831,680
831,680
831,680
388,695
891,388
894,787
894,787
894,787
894,787
894,787
894,787
894,787
694,261
694,261
598,905
290,389
673,908
999,956
999,956
530,537
543,197
356,247
328,885
328,885
288,362
594,681
594,681
437,306
437,306
270,87
270,87
270,87
705,770
705,770
705,770
91,801
91,801
947,281
147,251
147,251
100,365
130,908
328,723
714,139
724,140
724,140
892,485
892,485
521,165
521,165
521,165
521,165
693,67
693,67
693,67
693,67
520,508
920,163
920,163
920,163
42,525
42,525
402,271
402,271
402,271
542,427
411,83
312,598
396,338
958,531
958,531
139,955
60,478
472,452
794,722
794,722
870,585
180,323
976,701
236,215
236,215
335,198
245,414
860,461
72,212
72,212
72,212
917,840
917,840
917,840
917,840
630,701
468,244
532,226
951,386
731,645
976,894
96,784
783,38
693,885
410,362
410,362
925,567
925,567
942,488
309,636
309,636
93,200
157,145
157,145
960,482
960,482
960,482
960,482
960,482
960,482
960,482
960,482
226,508
720,626
544,77
377,75
377,75
326,867
427,877
601,798
601,798
68,544
182,941
182,941
469,732
224,413
690,84
19,5
19,5
5,752
5,752
5,752
5,752
5,752
477,21
536,592
663,706
886,16
565,59
565,59
357,700
296,592
521,848
521,848
332,7
332,7
229,554
450,400
638,571
379,176
40,165
40,165
956,210
263,612
263,612
565,215
550,552
912,714
114,434
642,916
904,710
904,710
904,710
904,710
904,710
925,729
457,751
817,959
271,877
570,236
96,740
96,740
105,872
597,737
597,737
597,737
597,737
240,927
240,927
966,325
966,325
282,750
282,750
142,630
2,725
2,725
667,701
578,30
578,30
627,858
239,333
239,333
239,333
239,333
808,578
362,62
171,397
949,61
587,616
587,616
285,126
54,374
469,14
469,14
469,14
469,14
803,739
361,649
361,649
517,370
517,370
517,370
40,548
941,710
207,551
207,551
207,551
923,68
274,198
274,198
634,684
245,995
245,995
245,995
207,941
745,492
745,492
332,885
535,96
535,96
211,322
211,322
211,322
211,322
551,581
420,434
873,187
628,453
628,453
628,453
583,29
510,48
581,791
206,379
470,210
485,492
642,72
97,665
206,904
345,158
864,311
985,98
143,541
932,661
932,661
490,785
347,549
883,531
883,531
276,673
155,164
898,420
898,420
451,150
94,161
307,971
307,971
315,627
203,922
830,709
908,703
785,130
785,130
785,130
919,181
540,849
540,849
208,452
753,461
350,411
43,546
689,187
902,601
853,79
853,79
87,693
87,693
592,34
592,34
628,558
204,852
230,592
230,592
230,592
230,592
219,575
736,749
168,112
869,91
604,443
604,443
507,177
815,431
815,431
866,525
866,525
816,619
628,297
626,777
272,239
750,439
242,915
246,526
977,140
977,140
977,140
977,140
396,158
396,158
583,468
444,858
239,343
932,427
932,427
517,978
517,978
517,978
517,978
426,327
424,17
424,17
509,816
0,42
0,42
596,630
405,784
984,390
23,229
222,134
222,134
659,712
208,111
418,57
944,637
944,637
778,129
778,129
778,129
589,448
589,448
433,954
954,471
954,471
103,549
103,549
210,83
817,911
817,911
636,859
572,471
572,471
572,471
84,990
84,990
84,990
194,741
951,162
951,162
369,180
369,180
369,180
210,856
210,856
962,823
613,325
642,810
76,624
76,624
76,624
304,374
304,374
304,374
613,141
613,141
751,340
751,340
192,988
451,745
451,745
451,745
166,452
636,185
969,542
969,542
175,994
715,406
109,84
830,466
228,969
633,662
633,662
203,683
252,352
806,691
806,691
299,202
953,676
684,641
684,641
985,395
28,332
373,513
373,513
37,347
697,561
697,561
697,561
754,646
788,122
431,136
382,390
382,390
779,82
347,686
413,623
416,336
650,193
694,743
887,848
887,848
887,848
92,155
829,29
952,115
123,26
123,26
664,175
664,175
462,75
462,75
462,75
827,714
827,714
142,101
825,93
6,872
6,872
6,872
479,272
479,272
34,403
468,36
468,36
958,690
457,610
536,133
843,801
843,801
843,801
931,988
306,544
306,544
91,880
91,880
91,880
91,880
49,772
243,645
901,27
153,953
153,953
153,953
153,953
153,953
153,953
403,737
816,356
816,356
944,22
353,757
353,757
745,32
745,32
745,32
155,597
518,507
626,600
125,305
846,653
110,787
110,787
120,548
411,816
25,267
180,205
180,205
989,751
989,751
989,751
342,894
342,894
269,83
334,199
514,38
700,355
700,355
700,355
976,324
976,324
500,832
500,832
402,174
402,174
956,187
956,187
565,54
844,709
378,435
378,435
378,435
606,437
606,437
730,849
730,849
501,717
266,370
893,101
9,710
153,139
910,687
853,594
96,196
459,63
952,679
952,679
268,611
960,367
598,537
598,537
750,33
931,448
931,448
931,448
771,742
771,742
771,742
590,155
590,155
590,155
209,793
471,907
734,162
734,162
345,909
106,28
876,390
732,264
299,727
299,727
118,430
687,750
808,640
757,495
486,687
486,687
591,571
709,864
884,681
604,532
309,631
540,985
540,985
540,985
91,592
189,158
37,669
226,941
226,941
634,930
261,702
264,249
815,358
536,305
252,23
252,23
252,23
252,23
407,603
407,603
781,657
781,657
152,373
497,788
918,625
289,978
393,308
349,625
711,541
778,943
778,943
778,943
832,310
204,373
711,254
378,762
22,696
197,344
197,344
317,863
194,312
317,293
287,764
709,262
163,864
614,104
614,104
614,104
361,483
82,521
460,362
460,362
419,895
233,88
119,443
119,443
119,443
119,443
119,443
530,475
604,650
163,49
163,49
163,49
163,49
214,186
850,401
724,973
831,320
831,320
831,320
22,147
21,59
200,316
883,818
869,499
434,221
434,221
434,221
434,221
434,221
434,221
434,221
725,201
19,84
19,84
357,927
176,397
176,397
819,790
819,790
819,790
208,928
356,250
356,250
356,250
291,327
291,327
961,242
961,242
688,943
898,394
898,394
898,394
898,394
898,394
791,268
572,633
604,989
604,989
222,988
9,446
9,446
9,446
9,446
9,446
422,897
422,897
422,897
764,162
653,194
727,43
543,874
543,874
543,874
776,64
316,833
715,358
715,358
642,383
243,746
243,746
59,485
824,455
824,455
516,130
853,44
853,44
853,44
570,101
194,66
194,66
200,44
895,891
895,891
389,567
726,731
564,781
535,954
535,954
275,8
493,114
753,830
806,12
806,12
956,727
956,727
313,40
804,64
29,568
29,568
319,308
319,308
319,308
586,191
586,191
830,641
830,641
23,369
23,369
19,402
19,402
995,287
18,782
18,782
18,782
18,782
18,782
338,825
789,538
789,538
611,353
611,353
611,353
67,597
205,28
892,100
14,191
119,774
119,774
119,774
119,774
537,309
383,320
571,764
564,542
564,542
832,5
243,553
243,553
174,764
415,867
415,867
415,867
91,151
91,151
276,289
640,499
629,94
547,751
450,232
465,56
465,56
465,56
947,514
947,514
598,676
598,676
598,676
598,676
598,676
598,676
588,648
588,648
588,648
588,648
929,284
929,284
929,284
364,64
364,64
647,873
647,873
946,772
946,772
842,814
473,522
325,580
325,580
582,343
207,355
636,879
636,879
963,574
21,79
812,83
812,83
812,83
91,106
91,106
802,999
233,513
609,311
440,13
333,404
906,149
152,109
13,276
284,242
284,242
284,242
297,845
297,845
761,914
461,538
452,702
463,978
486,882
486,882
486,882
486,882
267,471
401,395
169,168
169,168
169,168
169,168
169,168
519,940
135,271
867,493
867,493
283,804
952,215
807,425
807,425
807,425
626,524
846,347
765,967
614,521
516,619
208,432
721,917
195,475
612,2
430,196
613,774
613,774
782,941
782,941
782,941
782,941
593,51
608,954
134,244
237,298
179,391
328,620
5,599
588,263
822,892
822,892
822,892
822,892
822,892
822,892
222,257
222,257
332,91
895,497
895,497
895,497
124,87
124,87
160,566
160,566
160,566
471,367
723,349
370,416
437,379
437,379
501,106
501,106
501,106
493,382
857,822
857,822
407,434
407,434
412,299
174,20
174,20
174,20
174,20
174,20
174,20
174,20
174,20
362,239
121,582
121,582
121,582
375,68
375,68
983,399
983,399
983,399
793,776
958,809
148,143
148,143
488,950
488,950
691,544
691,544
691,544
691,544
338,31
104,671
749,831
749,831
862,182
582,295
582,295
582,295
582,295
582,295
389,578
512,26
512,26
512,26
512,26
33,343
839,97
661,703
661,703
85,940
980,242
975,28
975,28
978,986
175,575
646,455
221,481
714,142
949,955
732,475
508,828
508,828
494,515
494,515
494,515
494,515
494,515
494,515
853,333
801,378
801,378
48,444
811,50
811,50
811,50
811,50
747,951
947,395
947,395
527,118
527,118
691,115
691,115
376,272
120,757
915,291
915,291
232,989
232,989
232,989
232,989
503,623
542,983
542,983
812,48
812,48
534,806
113,932
113,932
730,47
790,277
790,277
790,277
49,928
388,108
388,108
388,108
173,319
272,465
589,387
45,475
624,165
624,165
159,408
159,408
199,723
199,723
199,723
795,769
235,985
235,985
904,336
167,203
167,203
167,203
167,203
167,203
54,453
355,900
355,900
355,900
355,900
797,574
797,574
797,574
797,574
797,574
722,698
242,397
192,861
725,132
725,132
725,132
855,858
855,858
657,841
262,667
262,667
262,667
262,667
578,627
521,511
52,104
178,639
390,241
516,165
516,165
553,706
498,33
498,33
498,33
629,99
394,575
394,575
695,483
48,220
503,728
686,373
711,165
711,165
692,584
692,584
692,584
29,131
29,131
29,131
885,817
356,126
184,756
746,892
813,104
768,233
768,233
486,853
486,853
87,833
477,131
675,245
675,245
675,245
675,245
616,29
616,29
644,775
404,537
404,537
404,537
166,898
166,898
657,769
657,769
657,769
657,769
192,845
192,845
192,845
403,123
959,231
119,507
119,507
822,681
86,391
86,391
418,655
782,774
518,467
518,467
552,933
552,933
552,933
143,119
103,563
315,591
760,771
606,841
423,884
423,884
423,884
960,126
960,126
248,317
13,608
754,684
754,684
754,684
895,941
65,572
65,572
65,572
65,572
348,6
956,993
126,395
456,892
456,892
632,546
943,402
186,487
419,282
471,160
471,160
471,160
471,160
42,11
42,11
42,11
98,427
105,933
105,933
105,933
893,488
839,693
473,49
473,49
473,49
473,49
941,235
941,235
941,235
941,235
506,825
51,559
51,559
810,505
688,391
816,330
816,330
816,330
291,924
237,374
237,374
237,374
404,208
853,570
853,570
853,570
498,110
186,197
441,159
441,159
657,403
757,220
707,912
707,912
707,912
56,250
503,688
240,915
683,713
757,25
870,613
870,613
590,90
514,493
810,999
810,999
810,999
810,999
810,999
62,94
53,143
775,859
775,859
794,578
451,139
2,592
758,590
261,501
497,352
497,352
187,766
335,366
801,834
857,641
496,780
972,791
346,861
557,202
557,202
557,202
904,374
904,374
904,374
904,374
904,374
147,301
500,686
500,686
500,686
653,914
622,403
622,403
622,403
622,403
622,403
622,403
622,403
622,403
471,566
471,566
624,438
624,438
431,232
431,232
366,281
364,795
364,795
830,604
830,604
73,636
928,633
81,865
956,510
956,510
624,698
782,738
672,281
672,281
406,756
447,36
447,36
371,549
371,549
371,549
371,549
58,374
58,374
58,374
395,950
126,365
314,264
934,372
934,372
934,372
934,372
689,684
689,684
464,696
348,837
863,742
863,742
42,447
371,906
419,208
495,730
54,191
920,678
86,348
86,348
332,144
660,917
192,656
192,656
594,438
31,417
486,64
432,961
432,961
303,609
303,609
303,609
303,609
321,594
321,594
716,100
79,637
79,637
599,275
599,275
119,291
119,291
494,662
99,439
99,439
99,439
99,439
687,549
18,373
558,901
554,586
340,44
322,64
171,839
171,839
950,487
465,817
465,817
474,476
474,476
474,476
687,625
687,625
687,625
871,787
525,31
293,926
293,926
461,667
461,667
555,841
258,996
258,996
181,860
181,860
181,860
925,668
925,668
191,826
191,826
299,462
50,688
50,688
271,27
271,27
271,27
394,80
592,921
592,921
592,921
636,464
371,632
860,579
860,579
860,579
25,534
230,82
230,82
998,207
381,673
381,673
592,977
126,923
131,18
131,18
131,18
279,946
300,916
300,916
675,790
435,273
435,273
435,273
652,22
766,787
766,787
426,540
865,470
85,463
226,197
226,197
769,412
769,412
594,503
394,700
354,95
354,95
354,95
354,95
354,95
354,95
354,95
776,34
776,34
776,34
586,956
586,956
586,956
416,953
416,953
416,953
416,953
699,105
699,105
699,105
941,625
941,625
785,906
486,455
894,813
426,582
426,582
426,582
206,286
645,512
645,512
912,947
906,437
89,932
89,932
562,821
412,281
922,179
978,374
585,868
538,847
538,847
37,41
37,41
37,41
140,297
238,458
331,177
311,251
610,175
610,175
189,20
189,20
721,144
721,144
721,144
915,270
146,255
57,671
57,671
57,671
680,133
23,563
763,462
427,140
156,912
161,539
363,948
363,948
209,959
209,959
594,437
594,437
152,87
152,87
152,87
215,515
215,515
173,470
367,863
331,649
919,509
919,509
440,166
440,166
440,166
829,998
497,886
497,886
497,886
497,886
497,886
497,886
684,616
286,768
373,615
671,113
671,113
671,113
310,325
196,816
196,816
196,816
120,115
514,872
782,729
317,848
259,799
676,632
676,632
320,60
692,907
319,111
633,684
14,656
14,656
14,656
999,699
999,699
73,236
73,236
73,236
79,654
934,418
934,418
266,678
65,849
590,906
219,130
173,160
173,160
173,160
783,146
783,146
232,27
232,27
818,39
818,39
514,157
514,157
514,157
514,157
64,366
64,366
712,56
799,187
799,187
217,81
33,387
110,620
170,1
33,188
33,188
518,815
816,966
251,455
251,455
251,455
138,938
439,934
932,835
932,835
906,697
169,138
93,894
93,894
427,385
427,385
799,207
921,115
607,626
853,726
853,726
35,9
912,268
286,471
309,388
309,388
946,893
946,893
946,893
39,633
256,388
681,253
332,647
495,513
495,513
144,756
470,86
691,170
149,863
716,132
171,444
171,444
500,57
936,453
724,467
724,467
724,467
248,128
35,46
35,46
35,46
35,46
652,577
972,602
723,920
723,920
357,603
679,802
679,802
251,711
348,396
485,607
88,995
88,995
601,316
168,150
168,150
691,317
691,317
735,691
121,940
906,45
443,126
734,675
113,780
851,936
464,842
391,59
256,279
391,218
391,218
152,811
152,811
410,466
410,466
410,466
147,843
138,80
138,80
138,80
826,869
101,370
101,370
101,370
484,37
484,37
122,769
805,671
453,654
141,442
141,442
654,253
857,822
275,105
275,105
744,349
744,349
539,65
539,65
964,788
964,788
233,688
233,688
233,688
482,0
482,0
117,90
992,181
992,181
992,181
992,181
992,181
991,833
309,851
309,851
691,753
691,753
943,784
374,243
765,548
765,548
258,664
422,536
422,536
832,330
832,330
34,45
34,45
34,45
888,470
491,869
351,777
516,648
675,411
675,411
675,411
675,411
675,411
330,468
330,468
767,333
434,538
415,732
415,732
415,732
675,166
987,832
831,522
831,522
831,522
831,522
890,687
235,993
995,774
683,876
683,876
907,271
933,642
933,642
379,133
18,867
639,100
870,713
870,713
870,713
379,958
379,958
832,269
94,986
94,986
94,986
482,473
482,473
482,473
482,473
6,183
426,83
9,34
9,34
9,34
926,302
742,703
742,703
367,293
367,293
367,293
633,544
21,965
362,925
314,806
756,709
368,393
753,548
646,333
599,771
354,732
354,732
354,732
803,115
803,115
240,269
240,269
682,706
682,706
43,740
269,332
931,649
488,868
488,868
623,440
407,517
533,105
484,257
818,383
818,383
818,383
818,383
689,217
122,862
725,912
725,912
725,912
725,912
583,838
583,838
335,218
216,122
398,457
398,457
344,807
344,807
540,313
354,770
885,640
885,640
920,618
920,618
286,381
286,381
286,381
344,58
179,962
179,962
279,339
909,348
909,348
834,853
834,853
696,709
847,275
449,457
499,850
499,850
626,929
626,929
626,929
626,929
626,929
475,927
863,894
586,716
346,839
848,422
321,693
321,693
321,693
158,916
158,916
977,669
220,874
220,874
431,624
231,162
119,704
119,704
813,647
813,647
111,108
111,108
306,152
276,761
276,761
276,761
436,145
121,187
604,361
254,985
254,985
254,985
51,131
237,411
237,411
148,585
148,585
148,585
148,585
148,585
981,166
424,200
99,794
870,865
483,210
598,341
598,341
598,341
598,341
231,812
918,519
918,519
393,281
393,281
393,281
393,281
699,72
781,773
781,773
104,56
104,56
25,129
935,99
875,235
664,514
664,514
664,514
884,788
884,788
772,262
772,262
111,607
814,935
814,935
300,346
322,828
345,539
345,539
345,539
92,809
92,809
92,809
391,603
33,123
33,123
129,116
80,672
80,672
80,672
951,855
235,584
235,584
235,584
497,453
168,950
332,90
707,778
707,778
620,469
620,469
102,340
102,340
373,385
373,385
956,835
815,517
815,517
815,517
581,351
582,452
582,452
348,284
348,284
348,284
2,65
169,948
675,715
675,715
675,715
777,351
370,828
391,777
842,582
489,806
489,806
330,950
330,950
330,950
188,336
484,274
484,274
628,775
382,621
489,217
489,217
577,116
265,280
455,397
766,29
766,29
385,647
385,647
385,647
385,647
385,647
385,647
987,179
987,179
987,179
621,581
252,869
252,869
480,708
480,708
480,708
480,708
266,60
258,625
944,72
267,852
489,777
489,777
489,777
212,501
212,501
949,454
949,454
759,12
354,326
354,326
641,135
480,347
480,347
480,347
259,543
287,971
287,971
142,390
670,251
670,251
670,251
670,251
670,251
489,375
489,375
489,375
507,654
407,884
407,884
794,728
794,728
794,728
402,664
526,31
796,642
462,695
462,695
462,695
713,686
713,686
991,912
711,406
711,406
711,406
949,958
993,396
993,396
785,924
152,297
723,733
31,27
31,27
83,588
539,453
539,453
787,497
673,749
284,463
828,438
89,9
89,9
728,869
649,293
649,293
869,505
869,505
500,888
500,888
500,888
500,888
182,599
994,417
994,417
593,561
975,923
743,995
743,995
536,931
536,931
536,931
430,166
430,166
803,808
208,617
216,683
578,836
578,836
884,566
978,629
978,629
778,787
778,787
261,263
523,878
644,797
644,797
346,399
631,862
631,862
459,440
459,440
459,440
459,440
177,879
300,940
998,812
736,772
537,785
893,116
619,373
619,373
619,373
619,373
619,373
619,373
277,946
277,946
288,583
535,104
562,388
618,869
618,869
909,798
474,934
258,123
35,902
35,902
200,710
233,884
233,884
233,884
111,699
883,201
865,568
865,568
430,773
992,781
992,781
335,269
728,390
728,390
766,581
766,581
766,581
766,581
766,581
766,581
766,581
283,568
283,568
233,819
233,819
94,166
94,166
94,166
94,166
658,464
658,464
658,464
658,464
658,464
658,464
658,464
658,464
389,52
23,908
275,417
381,17
685,36
685,36
626,828
427,25
427,25
340,582
340,582
915,776
108,32
650,638
650,638
650,638
257,944
999,724
236,674
236,674
236,674
236,674
407,365
407,365
407,365
407,365
57,728
956,324
956,324
4,306
4,306
800,229
800,229
800,229
279,964
444,233
444,233
638,499
424,186
961,310
294,188
24,7
813,559
183,879
388,480
388,480
388,480
388,480
388,480
379,798
16,260
421,805
86,830
269,431
606,293
701,504
701,504
701,504
617,560
736,361
515,4
73,348
36,554
257,397
257,397
257,397
327,303
327,303
94,674
152,236
152,236
152,236
922,211
755,123
755,123
755,123
553,970
553,970
553,970
964,634
964,634
423,67
256,837
304,355
761,789
228,682
286,164
286,164
286,164
286,164
85,76
157,747
705,60
705,60
365,450
365,450
769,536
629,529
500,237
500,237
500,237
471,149
404,760
743,82
743,82
743,82
503,755
503,755
503,755
870,901
870,901
478,356
478,356
478,356
319,894
428,812
428,812
428,812
393,621
349,584
349,584
469,570
858,765
134,652
134,652
134,652
134,652
566,486
566,486
566,486
698,228
30,588
58,577
58,577
58,577
58,577
901,945
605,843
802,266
802,266
617,282
129,207
345,775
345,775
790,412
995,319
147,100
147,100
257,344
257,344
763,748
247,755
307,567
329,613
785,304
401,627
401,627
401,627
401,627
292,993
141,126
840,586
823,785
823,785
823,785
823,785
823,785
755,82
149,507
623,713
537,256
53,435
53,435
614,949
917,635
564,635
307,817
453,586
482,357
143,122
900,907
900,907
900,907
900,907
900,907
900,907
900,907
224,564
614,943
614,943
614,943
793,775
793,775
793,775
111,635
62,274
62,274
662,474
662,474
505,160
987,262
306,825
306,825
404,325
404,325
404,325
322,493
20,415
20,415
20,415
800,527
426,887
406,170
711,198
711,198
711,198
901,711
901,711
901,711
901,711
857,143
857,143
719,323
972,744
972,744
972,744
972,744
972,744
182,289
267,316
267,316
267,316
267,316
153,93
153,93
754,692
955,291
40,477
40,477
950,89
950,89
950,89
950,89
950,89
950,89
950,89
520,396
758,197
758,197
899,151
829,387
988,366
988,366
93,818
93,818
93,818
93,818
490,460
490,460
502,257
183,609
183,609
183,609
668,251
79,142
79,142
79,142
964,189
964,189
300,500
784,590
621,808
621,808
415,923
829,261
476,632
476,632
476,632
476,632
476,632
133,346
667,98
667,98
61,175
755,298
755,298
755,298
505,737
744,161
403,666
568,462
568,462
44,201
610,261
610,261
270,387
270,387
270,387
270,387
270,387
463,498
552,132
455,382
455,382
455,382
156,15
681,667
89,603
680,726
680,726
613,923
615,123
615,123
681,231
94,690
475,496
722,577
875,497
875,497
915,320
915,320
772,963
452,167
452,167
849,282
11,738
173,465
173,465
173,465
801,886
274,878
543,309
762,221
762,221
469,443
939,714
939,714
939,714
939,714
939,714
939,714
939,714
260,507
260,507
415,585
431,52
431,52
511,118
591,775
139,896
572,209
572,209
400,379
199,211
788,877
397,898
974,703
137,996
527,367
527,367
94,732
94,732
94,732
94,732
197,99
258,522
33,524
62,177
62,177
62,177
799,267
196,442
505,783
505,783
505,783
806,446
325,653
280,821
209,87
209,87
842,745
260,614
260,614
684,376
684,376
684,376
684,376
684,376
793,576
578,249
578,249
578,249
34,364
742,36
742,36
845,837
700,675
700,675
434,740
434,740
95,619
95,619
95,619
370,758
679,376
679,376
7,954
552,196
980,248
512,941
95,308
95,308
483,859
483,859
483,859
483,859
109,134
109,134
109,134
479,393
603,815
603,815
603,815
166,934
166,934
677,751
683,36
154,496
154,496
154,496
46,208
46,208
331,308
474,216
474,216
504,554
504,554
422,959
11,328
762,850
762,850
256,17
228,785
228,785
536,436
478,283
213,25
221,878
978,412
978,412
978,412
883,637
56,399
736,544
782,662
782,662
381,949
731,931
466,243
466,243
134,411
565,426
565,426
33,551
949,234
446,845
446,845
524,401
524,401
524,401
827,936
827,936
827,936
499,175
434,531
666,615
362,504
665,917
255,109
141,450
954,947
353,451
353,451
353,451
874,953
874,953
981,66
460,681
979,736
979,736
979,736
575,812
685,327
685,327
685,327
959,364
265,822
307,233
307,233
307,233
307,233
147,934
934,744
934,744
711,864
711,864
711,864
496,684
10,717
294,325
268,805
268,805
268,805
291,211
291,211
291,211
860,740
287,155
970,975
942,458
942,458
942,458
942,458
942,458
35,490
35,490
35,490
65,64
368,485
762,193
942,616
400,683
255,778
804,556
9,507
9,507
39,188
39,188
841,472
25,756
25,756
241,218
851,585
790,200
267,837
291,736
291,736
52,516
336,274
941,768
851,583
88,123
573,909
414,736
414,736
414,736
414,736
227,365
979,456
979,456
768,399
768,399
768,399
365,636
222,953
222,953
859,121
39,684
908,455
908,455
22,517
22,517
35,232
5,176
114,408
114,408
801,148
801,148
543,947
807,410
234,385
234,385
803,723
185,546
494,511
494,511
494,511
359,952
523,365
262,715
981,355
981,355
79,309
79,309
79,309
125,511
820,930
820,930
820,930
915,346
915,346
915,346
915,346
915,346
721,818
32,145
565,416
737,713
204,619
335,750
560,779
560,779
766,645
286,548
286,548
286,548
833,829
376,745
376,745
294,910
524,481
524,481
524,481
524,481
9,982
9,982
9,982
9,982
9,982
249,583
249,583
249,583
249,583
249,583
971,650
971,650
971,650
945,652
765,326
765,326
458,301
458,301
250,594
727,844
727,844
727,844
275,972
732,30
579,519
579,519
202,575
202,575
784,381
745,881
852,825
340,620
298,231
735,36
365,533
365,533
728,36
728,36
932,449
79,238
679,331
752,900
746,926
710,524
523,934
643,473
623,244
855,867
416,371
62,962
62,962
62,962
828,254
828,254
828,254
902,664
533,537
213,869
213,869
213,869
506,400
158,249
350,509
281,219
281,219
364,454
211,577
211,577
917,42
917,42
396,866
643,495
57,439
57,439
724,433
559,263
559,263
377,384
377,384
657,526
8,158
8,158
719,409
719,409
492,846
440,976
903,511
903,511
804,32
804,32
804,32
961,404
961,404
688,11
688,11
272,263
281,837
281,837
195,582
174,340
619,456
976,517
276,855
276,855
514,921
353,473
711,40
217,613
411,127
85,133
85,133
85,133
888,501
596,309
596,309
596,309
731,947
731,947
731,947
485,244
445,265
445,265
445,265
706,70
992,625
992,625
641,361
504,326
188,621
613,651
452,978
452,978
452,978
514,984
970,864
970,864
970,864
349,731
512,103
469,153
469,153
469,153
604,337
604,337
852,606
144,344
144,344
973,201
162,264
299,768
827,533
134,801
134,801
134,801
134,801
626,754
859,971
543,324
833,16
106,533
106,533
106,533
449,681
449,681
448,123
831,612
831,612
831,612
831,612
189,300
189,300
189,300
390,419
216,919
216,919
915,946
123,690
123,690
603,335
31,714
415,626
415,626
82,919
981,558
558,711
62,109
62,109
32,998
398,325
288,1
822,322
300,783
300,783
641,529
406,758
128,16
151,271
168,539
993,742
133,246
133,246
133,246
38,84
254,395
643,597
643,597
643,597
856,486
223,156
341,796
4,30
952,922
952,922
559,953
559,953
559,953
125,348
244,128
244,128
244,128
557,167
752,919
159,527
215,536
382,11
382,11
689,299
213,594
40,796
40,796
248,26
254,425
63,248
63,248
63,248
590,99
297,411
900,141
900,141
427,780
312,482
17,614
184,285
533,239
462,756
335,385
258,822
258,822
951,588
951,588
68,905
68,905
980,34
795,46
795,46
360,98
473,989
762,647
567,297
874,630
732,516
397,450
397,450
397,450
833,51
833,51
833,51
547,922
687,590
687,590
475,883
394,212
609,593
503,360
208,176
2,777
733,448
370,852
789,223
789,223
211,22
800,875
439,560
330,7
431,742
431,742
523,45
523,45
838,828
838,828
974,369
801,421
801,421
801,421
744,617
443,771
443,771
379,670
379,670
379,670
379,670
516,556
905,243
910,563
910,563
329,597
886,125
242,175
628,840
628,840
736,477
986,364
726,382
735,529
735,529
735,529
303,125
594,189
594,189
594,189
594,189
594,189
126,330
855,864
450,318
331,357
331,357
331,357
987,889
987,889
987,889
978,472
82,677
960,996
960,996
960,996
960,996
960,996
960,996
407,149
407,149
173,536
173,536
131,785
131,785
131,785
729,288
729,288
62,812
525,416
525,416
933,854
519,741
978,535
978,535
819,528
285,250
285,250
440,765
466,295
459,687
302,627
302,627
832,107
53,111
388,291
388,291
388,291
265,68
544,533
544,533
560,856
764,402
764,402
619,253
965,527
965,527
754,799
754,799
754,799
744,26
313,412
311,757
311,757
311,757
311,757
630,625
630,625
901,239
837,873
255,49
759,851
759,851
787,1
787,1
699,562
699,562
699,562
725,666
212,202
171,871
170,460
342,40
404,557
125,284
125,284
958,731
254,495
497,568
497,568
497,568
572,646
572,646
572,646
379,806
920,894
920,894
920,894
249,628
945,334
945,334
953,672
953,672
953,672
953,672
571,814
571,814
527,781
910,56
902,248
374,626
814,654
419,824
419,824
419,824
33,19
33,19
33,19
562,847
562,847
562,847
917,486
411,755
574,28
574,28
684,644
253,936
253,936
762,987
646,652
646,652
993,184
508,746
162,464
505,810
505,810
505,810
798,87
798,87
889,397
431,329
431,329
831,600
504,639
504,639
418,561
418,561
418,561
418,561
418,561
100,96
60,218
60,218
872,136
436,339
401,421
553,993
137,571
137,571
137,571
215,442
215,442
150,173
756,981
745,995
745,995
400,895
151,79
151,79
541,689
942,875
30,396
513,516
513,516
70,671
70,671
734,577
715,5
49,749
49,749
683,180
683,180
662,618
897,857
897,857
897,857
897,857
897,857
897,857
651,401
651,401
651,401
651,401
511,150
511,150
119,940
405,594
405,594
424,30
424,30
424,30
640,184
640,184
995,704
995,704
439,838
714,907
264,811
264,811
860,982
223,218
223,218
223,218
616,980
870,679
870,679
870,679
110,410
633,441
413,245
413,245
413,245
669,974
529,329
529,329
411,192
700,51
700,51
336,227
120,986
211,817
211,817
211,817
211,817
211,817
452,203
125,688
125,688
125,688
896,212
896,212
896,212
896,212
896,212
564,590
559,922
254,223
254,223
49,42
49,42
27,561
27,561
652,719
660,375
660,375
590,359
629,171
23,398
180,360
414,543
414,543
414,543
414,543
948,411
265,810
819,297
819,297
819,297
929,226
929,226
929,226
929,226
929,226
344,201
437,379
523,559
902,246
579,844
258,368
258,368
258,368
258,368
258,368
502,339
30,433
30,433
745,455
813,512
813,512
965,926
187,318
140,444
140,444
577,127
577,127
577,127
72,103
367,295
456,356
456,356
456,356
744,486
954,915
177,197
793,798
987,271
987,271
987,271
521,663
917,885
143,23
506,356
506,356
130,424
214,730
717,263
717,263
443,137
858,495
74,524
74,524
94,113
370,896
370,896
227,836
227,836
886,614
576,779
576,779
576,779
151,622
71,191
71,191
957,10
711,411
997,392
506,941
908,686
908,686
601,374
422,994
416,690
416,690
412,545
412,545
938,448
938,448
43,808
796,516
596,995
596,995
596,995
116,868
233,230
233,230
233,230
313,950
313,950
494,908
494,908
215,264
215,264
751,32
751,32
751,32
840,746
840,746
344,853
74,852
441,65
441,65
441,65
441,65
606,852
872,399
872,399
872,399
810,140
915,709
401,512
224,431
851,219
377,334
655,632
193,713
193,713
380,941
380,941
380,941
253,70
278,178
167,400
167,400
137,869
89,650
808,932
518,448
370,373
370,373
444,183
444,183
444,183
0,807
65,357
390,971
390,971
667,488
667,488
637,139
892,511
892,511
892,511
892,511
892,511
633,191
51,528
51,528
51,528
33,567
33,567
33,567
33,567
33,567
29,682
857,387
857,387
10,320
41,207
189,69
808,322
447,170
322,532
322,532
366,436
928,921
170,602
673,871
673,871
116,753
385,497
835,178
270,220
270,220
270,220
270,220
509,79
302,180
315,668
315,668
315,668
259,901
259,901
259,901
12,366
683,838
823,516
222,12
222,12
787,571
66,453
321,768
321,768
617,70
858,986
259,246
531,527
626,372
626,372
605,179
14,630
213,494
213,494
213,494
156,738
156,738
496,59
352,782
900,101
129,742
685,298
685,298
856,110
444,527
444,527
22,671
22,671
284,503
284,503
224,751
224,751
885,105
885,105
179,574
587,799
999,693
999,693
624,590
624,590
838,383
197,240
975,133
979,783
979,783
155,803
155,803
945,499
384,871
384,871
199,681
199,681
199,681
199,681
199,681
199,681
634,604
148,901
148,901
148,901
281,445
936,22
765,111
765,869
564,672
796,478
796,478
554,238
674,591
544,316
979,572
979,572
979,572
747,636
702,533
702,533
702,533
670,710
754,149
754,149
391,884
824,535
189,963
189,963
135,74
53,357
391,365
701,232
701,232
602,233
417,430
325,487
187,209
868,560
868,560
294,463
24,181
24,181
93,274
93,274
93,274
272,534
272,534
594,164
335,529
335,529
373,986
55,131
176,149
176,149
288,202
867,256
105,95
83,446
2,370
2,370
782,150
782,150
798,156
848,575
848,575
59,853
59,853
59,853
59,853
488,509
315,341
315,341
315,341
785,732
565,903
565,903
789,928
789,928
789,928
834,291
834,291
886,306
942,732
879,63
879,63
879,63
162,276
162,276
162,276
303,315
303,315
444,9
444,9
185,73
729,464
729,464
741,524
140,105
963,436
219,84
778,167
778,167
98,779
98,779
304,104
776,761
776,761
741,714
741,714
741,714
741,714
145,450
720,409
306,682
306,682
428,790
428,790
428,790
428,790
404,420
404,420
892,366
892,366
334,602
593,411
710,636
992,320
992,320
715,987
715,987
715,987
484,922
695,734
552,691
675,562
969,807
666,443
130,860
619,859
619,859
868,630
36,520
36,520
36,520
36,520
923,915
923,915
786,707
786,707
786,707
786,707
786,707
786,707
15,561
263,432
263,432
263,432
269,583
845,385
845,385
821,662
888,307
700,959
700,959
148,122
296,784
434,510
434,510
434,510
141,707
30,960
737,581
801,281
142,766
929,648
929,648
710,937
609,937
609,937
609,937
609,937
824,535
824,535
786,640
903,813
903,813
912,282
740,334
740,334
740,334
740,334
699,431
481,402
481,402
481,402
303,702
303,702
303,702
303,702
437,534
776,477
364,758
881,922
552,728
552,728
552,728
552,728
552,728
552,728
194,585
769,908
769,908
305,352
305,352
39,231
847,638
214,627
669,323
553,421
380,433
380,433
380,433
380,433
380,433
380,433
380,433
164,709
164,709
539,108
539,108
315,906
315,906
645,674
863,399
863,399
772,90
154,100
318,643
318,643
469,843
469,843
469,843
725,950
725,950
725,950
873,662
942,427
844,185
448,666
302,884
302,884
457,483
102,955
102,955
990,639
990,639
990,639
173,813
329,999
329,999
449,199
449,199
493,706
493,706
493,706
956,375
956,375
89,332
89,332
340,261
584,622
996,35
182,35
14,378
14,378
340,725
818,215
266,689
480,436
342,280
559,134
189,414
189,414
280,786
280,786
730,208
381,92
381,92
701,359
701,359
10,702
10,702
902,324
902,324
450,105
639,549
163,911
965,266
17,3
551,849
940,781
940,781
611,878
396,886
396,886
396,886
430,188
424,442
424,442
424,442
981,252
645,504
645,504
645,504
756,864
756,864
523,835
523,835
542,293
542,293
542,293
386,818
386,818
386,818
386,818
386,818
386,818
386,818
16,51
16,51
16,51
16,51
210,748
728,108
728,108
713,668
94,921
94,921
138,875
844,763
844,763
903,56
458,456
458,456
75,119
432,885
620,309
620,309
620,309
620,309
674,980
674,980
430,371
549,601
58,258
795,598
768,160
359,861
359,861
359,861
447,930
717,135
813,914
813,914
813,914
813,914
813,914
800,403
83,468
699,701
27,301
794,881
818,872
701,665
932,354
932,354
992,941
637,705
637,705
633,815
134,85
134,85
730,738
518,568
518,568
762,983
706,590
237,998
732,537
732,537
732,537
760,232
760,232
364,679
819,260
363,91
922,942
931,53
968,744
968,744
968,744
74,837
74,837
74,837
572,92
572,92
572,92
573,478
720,194
620,474
620,474
744,956
744,956
436,747
77,527
691,998
379,920
29,486
29,486
29,486
29,486
966,993
966,993
966,993
652,736
562,453
953,18
247,372
23,616
23,616
590,587
336,501
155,537
707,278
977,94
977,94
977,94
977,94
325,488
16,873
16,873
695,673
847,557
847,557
587,923
176,456
296,210
824,367
774,122
909,411
125,213
634,680
634,680
305,292
305,292
437,324
191,541
191,541
431,133
431,133
431,133
431,133
431,133
435,393
146,541
43,634
43,634
996,487
842,170
170,119
2,763
569,581
569,581
569,581
587,41
587,41
587,41
913,276
913,276
913,276
913,276
301,654
24,72
24,72
24,72
24,72
671,228
44,777
974,582
89,595
89,595
95,585
283,129
283,129
283,129
283,129
13,126
453,501
453,501
453,501
453,501
453,501
126,520
429,645
429,645
176,613
907,871
956,268
956,268
531,205
834,699
739,775
377,241
377,241
495,959
45,212
45,212
45,212
382,797
748,8
748,8
110,984
110,984
878,805
824,273
368,323
864,217
523,137
530,409
499,790
499,790
499,790
637,525
915,633
915,633
802,792
171,778
55,511
15,53
287,945
934,981
738,919
317,270
191,971
178,459
178,459
154,667
56,540
155,336
155,336
155,336
280,52
501,822
997,194
865,936
368,610
929,641
13,737
330,57
330,57
330,57
330,57
169,969
169,969
169,969
674,527
559,987
921,853
16,105
932,136
932,136
577,452
625,942
791,538
323,595
323,595
225,479
10,620
10,620
505,465
21,882
21,882
185,766
185,766
555,670
818,995
451,175
451,175
451,175
707,195
707,195
422,13
610,834
610,834
680,357
680,357
361,235
931,414
931,414
434,42
369,399
369,399
401,705
314,494
314,494
314,494
631,63
631,63
631,63
432,267
946,868
738,877
112,948
112,948
112,948
112,948
112,948
402,668
41,219
517,549
824,224
555,720
735,241
87,777
87,777
118,363
118,363
118,363
49,459
952,492
6,80
996,581
536,589
291,799
739,664
693,716
426,438
426,438
722,514
722,514
722,514
189,523
189,523
189,523
161,58
161,58
161,58
985,997
901,583
43,23
98,655
98,655
564,541
564,541
846,22
876,156
876,156
315,781
315,781
151,262
811,285
811,285
811,285
727,397
36,27
36,27
280,913
142,881
990,339
990,339
990,339
990,339
637,54
590,397
643,314
643,314
643,314
414,218
414,218
414,218
414,218
707,169
544,298
544,298
544,298
544,298
490,879
107,777
716,50
913,282
913,282
913,282
87,32
596,246
596,246
596,246
647,873
927,528
284,329
246,771
885,912
929,889
567,651
567,651
567,651
567,651
567,651
616,109
616,109
72,935
39,764
701,82
701,82
701,82
701,82
407,985
209,703
209,703
188,820
141,910
146,731
146,731
146,731
146,731
146,731
372,559
472,283
472,283
472,283
472,283
9,542
538,487
876,317
274,147
91,95
91,95
777,526
202,742
518,106
219,634
219,634
651,894
651,894
642,719
642,719
642,719
281,420
340,502
674,972
96,379
97,412
505,801
505,801
505,801
35,45
150,781
978,293
978,293
978,293
111,929
514,855
692,411
419,653
33,559
545,627
777,510
751,395
983,279
983,279
983,279
470,96
470,96
470,96
470,96
840,178
840,178
482,272
457,78
457,78
458,907
458,907
458,907
438,668
438,668
585,962
585,962
43,533
100,231
14,157
14,157
128,41
128,41
128,41
128,41
274,986
274,986
274,986
586,420
586,420
973,761
870,522
870,522
870,522
870,522
964,556
964,556
964,556
964,556
964,556
503,279
51,663
338,460
904,319
904,319
156,550
156,550
628,984
628,984
597,706
597,706
697,104
113,554
113,554
113,554
479,564
479,564
373,681
501,632
501,632
65,484
338,847
926,452
819,970
889,248
703,14
703,14
910,961
910,961
83,117
510,949
510,949
272,336
819,373
410,464
539,912
539,912
539,912
539,912
135,504
135,504
135,504
935,455
540,237
290,986
369,764
430,458
881,526
881,526
881,526
562,518
562,766
116,435
615,373
633,133
993,971
993,971
993,971
363,784
363,784
981,471
904,403
804,873
804,873
171,163
284,64
644,423
565,442
465,328
465,328
767,372
767,372
767,372
269,618
269,618
56,961
325,258
968,710
968,710
968,710
968,710
917,789
831,210
434,726
382,833
382,833
807,779
992,362
463,486
463,486
31,332
31,332
382,882
860,684
595,433
972,782
972,782
286,71
286,71
172,388
940,668
940,668
940,668
940,668
641,768
589,380
589,380
293,444
293,444
277,933
277,933
684,63
684,564
73,163
181,199
933,325
200,569
384,761
189,633
230,623
463,811
463,811
195,265
195,265
524,321
700,903
631,707
812,757
504,379
295,249
295,249
859,472
960,958
960,958
960,958
801,358
801,358
760,48
242,729
242,729
155,697
587,181
409,990
968,160
968,160
968,160
968,160
968,160
583,996
583,996
583,996
583,996
583,996
566,422
566,422
566,422
634,969
746,93
0,344
691,327
691,327
127,676
127,676
557,716
557,716
60,913
60,913
56,764
56,764
50,114
965,600
854,943
854,943
554,933
226,431
53,700
657,473
657,473
320,417
320,417
320,417
610,549
266,760
266,760
266,760
938,660
681,863
988,221
793,805
671,315
999,476
1,190
1,190
625,411
323,628
323,628
338,774
338,774
953,982
138,170
138,170
138,170
138,170
514,515
96,45
96,45
803,665
34,209
248,987
186,612
186,612
183,17
831,586
318,584
318,584
265,95
265,95
150,7
150,7
66,440
66,440
367,444
367,444
966,280
661,187
661,187
661,187
904,355
703,488
772,716
772,716
728,13
728,13
102,85
102,85
126,517
560,893
560,893
463,51
270,602
331,888
774,24
636,648
571,136
571,136
941,288
941,288
537,252
445,872
996,76
692,122
966,761
7,827
265,93
190,176
190,176
190,176
190,176
661,669
876,526
403,296
403,296
403,296
874,750
874,750
874,750
874,750
874,750
400,759
400,759
124,461
13,705
2,85
2,85
585,473
585,473
585,473
62,624
62,624
779,768
725,502
471,576
31,202
31,202
996,972
720,69
812,805
812,805
825,966
220,133
220,133
444,908
990,211
73,425
471,398
350,424
350,424
571,775
571,775
626,32
626,32
626,32
626,32
618,463
450,495
261,515
245,954
925,732
925,732
709,628
470,960
470,960
470,960
614,711
151,591
379,254
908,353
908,353
908,353
499,554
808,937
808,937
808,937
808,937
808,937
808,937
540,268
245,954
245,954
245,954
245,954
245,954
404,121
917,283
917,283
917,283
917,283
917,283
775,442
280,702
280,702
280,702
725,878
725,878
725,878
853,704
853,704
661,460
661,460
661,460
270,899
852,812
852,812
852,812
814,27
814,27
814,27
814,27
287,78
287,78
287,78
417,430
417,430
417,430
417,430
382,938
893,621
165,135
857,643
857,643
504,49
504,49
952,971
197,192
621,140
621,140
97,773
97,773
970,16
185,690
537,540
916,587
484,755
484,755
484,755
484,755
304,469
238,755
121,459
121,459
121,459
464,251
270,23
270,23
270,23
753,8
667,99
667,99
667,99
87,94
87,94
0,446
0,446
0,446
790,732
184,8
166,20
675,122
955,566
310,677
681,314
320,86
320,86
821,309
821,309
821,309
875,998
541,141
928,760
928,760
928,760
295,100
559,108
247,983
78,413
925,99
450,259
450,259
673,800
677,752
677,752
22,248
624,328
324,744
755,15
928,628
911,783
911,783
580,233
580,233
891,179
705,583
706,154
706,154
537,517
216,822
216,822
22,854
398,330
538,873
538,873
564,605
564,605
564,605
564,605
374,171
12,918
635,502
528,294
528,294
528,294
259,469
972,852
972,852
972,852
972,852
972,852
349,353
835,513
234,218
570,776
638,177
638,177
483,254
483,254
23,407
399,657
399,657
399,657
516,306
516,306
516,306
516,306
931,286
931,286
931,286
932,228
932,228
932,228
905,240
385,799
385,799
385,799
343,853
343,853
750,139
750,139
930,847
385,620
537,170
537,170
78,319
400,318
111,762
715,971
11,290
11,290
792,665
199,439
199,439
711,121
433,48
433,48
433,48
433,48
928,182
928,182
928,182
928,182
988,144
988,144
988,144
654,290
654,290
441,594
441,594
699,951
699,951
162,439
162,439
162,439
190,70
96,428
917,983
305,520
305,520
529,15
529,15
969,356
548,68
548,68
401,920
897,391
248,328
248,328
668,904
668,904
452,245
452,245
749,277
749,277
218,184
218,184
218,184
815,25
815,25
815,25
815,25
865,810
513,972
513,972
249,454
249,454
756,814
756,814
756,814
117,137
117,137
376,258
478,374
42,979
642,595
642,595
821,908
644,127
13,45
136,121
128,339
128,339
304,696
304,696
190,587
190,587
170,414
170,414
189,495
224,321
224,321
305,929
198,669
833,601
833,601
915,165
150,313
719,779
160,587
328,893
30,917
557,752
557,752
351,86
958,188
839,641
700,519
700,519
700,519
220,210
220,210
121,68
388,251
316,668
316,668
528,950
175,167
560,878
83,837
83,837
9,854
383,479
383,479
383,479
13,599
13,599
13,599
766,958
766,958
13,333
751,902
7,338
967,730
218,569
218,569
644,485
236,131
236,131
236,131
586,717
315,636
257,859
248,394
248,394
248,394
248,394
142,576
235,722
235,722
114,203
618,3
496,596
334,139
639,211
415,472
789,354
789,354
264,469
264,469
264,469
137,457
218,840
218,840
218,840
842,219
679,665
240,409
377,501
272,433
402,534
402,534
402,534
402,534
948,313
170,167
390,522
510,695
510,695
334,682
373,74
373,74
674,556
546,886
546,886
595,980
557,174
869,785
964,647
803,301
960,185
55,123
600,310
491,640
746,761
746,761
422,742
213,382
89,727
113,110
113,110
436,982
436,982
933,644
707,712
707,712
194,27
202,851
202,851
2,892
2,892
323,827
323,827
323,827
982,147
982,147
814,319
128,256
128,256
69,687
69,687
69,687
68,977
408,825
408,825
53,473
53,473
984,672
984,672
984,672
984,672
365,553
479,623
353,319
353,319
920,74
920,74
36,574
948,327
794,520
794,520
145,271
252,284
252,284
78,855
515,382
794,76
99,481
372,478
372,478
633,14
469,470
707,492
707,492
744,171
744,171
744,171
49,186
754,3
754,3
754,3
443,884
240,824
939,45
41,413
41,413
446,173
721,129
721,129
101,417
101,417
927,321
548,345
719,806
719,806
719,806
719,806
653,636
867,81
318,771
318,771
318,771
397,187
426,928
426,928
426,928
630,829
517,917
517,917
594,33
942,935
797,353
424,841
644,9
922,812
509,883
652,365
947,541
164,244
55,416
969,804
26,197
258,903
605,972
605,972
919,485
274,947
770,226
770,226
770,226
366,820
404,687
404,687
404,687
314,231
668,756
668,756
900,133
250,866
514,500
491,868
491,868
169,444
169,444
159,562
159,562
864,208
642,352
642,352
684,884
684,884
360,421
857,573
687,37
573,839
324,454
764,521
400,911
541,832
551,331
551,331
502,798
502,798
390,199
390,199
236,976
387,635
45,861
45,861
591,88
591,88
206,847
897,466
977,11
754,57
427,493
541,503
541,503
470,540
210,867
639,279
894,454
894,454
894,454
607,787
161,21
793,841
222,107
645,969
549,634
549,634
549,634
93,698
681,391
303,775
303,775
303,775
636,604
636,604
636,604
573,829
299,730
299,730
295,748
715,48
458,988
215,702
624,737
326,471
326,471
698,983
698,983
698,983
897,253
897,253
897,253
466,385
283,304
999,613
999,613
999,613
535,502
535,502
144,668
526,631
526,631
526,631
378,508
378,508
378,508
378,508
391,43
391,43
281,47
880,568
223,300
223,300
223,300
223,300
553,681
853,917
319,594
548,695
548,695
845,772
845,772
870,929
870,929
195,593
133,676
291,3
653,213
653,213
707,950
612,283
351,567
351,567
351,567
404,162
729,11
22,229
930,119
930,119
930,119
930,119
930,119
541,80
541,80
398,967
222,209
200,104
708,134
708,134
708,134
708,134
708,134
17,349
17,349
829,459
829,459
3,376
927,87
927,87
159,725
455,37
455,37
986,309
626,430
86,287
373,743
545,126
239,129
239,129
555,762
391,377
138,597
138,597
229,169
229,169
740,551
511,736
511,736
511,736
496,965
141,270
703,294
703,294
703,294
547,316
547,316
547,316
308,455
244,329
62,166
57,391
608,201
506,109
506,109
506,109
557,916
557,916
557,916
557,916
649,959
649,959
203,598
19,405
19,405
937,729
937,729
606,541
393,688
465,631
465,631
465,631
465,631
954,530
954,530
337,22
391,278
42,505
42,505
262,814
262,814
2,687
368,646
368,646
12,443
788,576
788,576
599,869
599,869
599,869
599,869
321,57
811,369
500,497
500,497
329,591
329,591
623,771
182,826
99,884
99,884
163,747
163,747
765,588
765,588
864,736
991,7
494,599
494,599
494,599
336,749
19,379
432,978
432,978
432,978
432,978
432,978
342,377
342,377
342,377
342,377
342,377
174,730
174,730
174,730
174,730
174,730
696,460
297,389
893,28
31,920
697,580
697,580
735,532
735,532
735,532
735,532
735,532
735,532
376,515
976,466
420,992
420,992
197,117
229,276
420,187
420,187
420,187
417,801
417,801
405,805
998,230
193,721
208,149
208,149
282,684
194,521
203,559
804,883
804,883
153,207
756,941
756,941
85,46
85,46
264,245
549,936
176,908
343,672
343,672
651,717
256,581
256,581
548,529
629,219
629,219
765,324
334,788
334,788
334,788
38,44
38,44
38,44
38,44
711,839
597,49
597,49
917,369
917,369
991,316
991,316
647,823
647,823
582,949
893,831
785,678
785,678
785,678
733,501
967,397
411,969
190,513
27,551
410,766
695,274
145,885
694,573
745,775
745,775
745,775
52,127
257,26
257,26
257,26
257,26
301,916
611,450
202,649
464,61
464,61
53,772
115,140
444,803
461,318
306,611
170,380
54,647
700,972
612,584
216,331
254,554
254,554
6,927
6,927
6,927
185,228
4,956
4,956
684,966
68,77
439,949
32,993
32,993
938,206
938,206
938,206
371,632
498,450
498,450
708,262
939,632
939,632
125,262
125,262
432,697
150,619
356,176
356,176
356,176
98,661
490,343
490,343
412,359
386,449
386,449
386,449
652,367
262,550
11,663
11,663
11,663
11,663
11,663
974,337
93,337
93,337
883,101
903,134
579,32
579,32
432,426
432,426
120,172
439,192
552,842
552,842
552,842
42,67
582,308
754,338
754,338
535,434
58,138
58,138
489,478
906,83
408,69
656,942
620,29
620,29
270,247
270,247
45,735
162,185
162,185
848,318
782,348
782,348
782,348
782,348
782,348
782,348
782,348
7,150
7,150
88,914
88,914
748,177
330,37
970,336
970,336
970,336
970,336
970,336
833,134
833,134
518,662
518,662
947,597
488,300
215,705
195,3
195,3
982,135
982,135
708,273
474,256
474,256
474,256
955,130
955,130
640,220
463,303
844,871
436,143
74,721
655,153
655,153
655,153
236,74
236,74
236,74
95,935
95,935
723,64
453,558
39,586
39,586
39,586
810,345
922,219
458,531
322,761
31,751
88,64
298,506
157,636
832,762
40,618
815,173
494,585
494,585
779,444
779,444
983,357
383,883
383,883
559,446
559,446
452,621
240,670
79,676
722,208
269,478
269,478
364,861
364,861
308,356
399,507
915,695
915,695
989,50
296,269
781,22
98,369
98,369
98,369
70,707
657,199
915,585
844,59
844,59
406,105
778,391
157,68
54,262
713,317
38,377
433,940
329,577
649,136
354,99
354,99
354,99
156,671
960,944
870,454
870,454
340,980
29,400
606,405
606,405
53,354
852,829
546,190
546,190
996,111
715,513
342,996
594,493
521,194
288,538
93,352
93,352
895,98
509,375
509,375
304,225
848,977
716,242
423,35
423,35
423,35
150,429
124,825
124,825
581,415
581,415
837,326
956,768
148,974
148,974
639,831
299,76
65,660
47,801
463,884
463,884
463,884
463,884
463,884
293,844
293,844
557,16
50,446
415,810
415,810
712,900
954,501
712,339
482,586
202,941
202,941
202,941
772,255
195,556
329,440
329,440
581,58
510,296
510,296
569,405
114,91
661,94
709,302
709,302
709,302
932,996
519,899
519,899
995,57
331,718
331,718
331,718
850,697
573,480
669,887
651,93
651,93
876,364
390,634
176,722
738,515
485,411
818,194
604,927
987,346
394,584
394,584
562,717
942,31
726,220
211,799
66,685
66,685
66,685
66,685
66,685
66,685
780,532
780,532
276,468
857,535
247,619
22,304
639,397
639,397
195,848
195,848
736,203
382,949
507,740
507,740
667,705
667,705
256,997
112,949
11,791
309,207
309,207
309,207
252,341
585,635
585,635
585,635
234,471
131,731
328,703
328,703
328,703
328,703
484,586
874,538
264,767
170,976
170,976
170,976
120,691
120,691
120,691
120,691
120,691
120,691
52,862
843,856
843,856
502,543
977,98
977,98
513,765
513,765
885,461
40,150
280,301
983,363
687,321
604,610
604,610
828,129
216,612
245,526
245,526
733,902
733,902
743,203
743,203
797,637
531,181
531,181
531,181
767,133
767,133
133,286
584,7
584,7
584,7
818,840
818,840
989,419
586,368
586,368
535,872
694,557
900,168
485,39
503,873
182,301
182,301
810,767
16,758
760,656
760,656
760,656
776,261
776,261
491,45
491,45
491,45
491,45
690,691
690,691
916,161
168,525
738,398
738,398
738,398
598,42
938,220
715,897
715,897
855,164
855,164
855,164
512,262
512,262
512,262
512,262
512,262
358,771
589,563
916,870
916,870
597,684
813,915
785,459
959,52
959,52
959,52
55,290
55,290
55,290
55,290
54,412
54,412
54,412
54,412
54,412
54,412
82,103
720,512
720,512
36,278
641,846
641,846
344,465
344,465
344,465
909,10
545,68
17,114
899,97
54,331
406,858
447,296
447,296
67,64
762,907
549,445
549,445
199,849
199,849
199,849
808,536
363,515
855,775
855,775
855,775
128,421
128,421
556,842
411,227
769,550
769,550
425,643
201,255
201,255
643,379
643,379
643,379
234,326
234,326
234,326
819,628
312,765
312,765
312,765
312,765
312,765
676,342
578,435
200,49
645,728
907,66
731,30
768,411
768,411
682,482
823,578
932,861
932,861
932,861
932,861
951,384
951,384
951,384
951,384
951,384
455,857
579,481
579,481
203,143
617,293
279,62
468,181
41,187
97,940
97,940
97,940
97,940
157,637
124,435
124,435
124,435
124,435
474,666
160,833
160,833
302,236
302,236
255,573
577,737
577,737
538,732
454,296
558,323
801,485
366,429
366,429
428,225
428,225
428,225
514,644
668,437
668,437
885,639
819,784
470,10
470,10
211,695
748,828
184,676
409,127
409,127
57,65
57,65
683,465
60,686
60,686
889,17
670,425
670,425
697,250
292,100
292,100
816,927
237,448
389,582
389,582
464,68
257,638
328,81
328,81
328,81
534,500
534,500
534,500
534,500
434,767
434,767
434,767
496,129
760,722
286,843
612,38
612,38
816,163
430,528
149,966
367,297
796,91
292,191
292,191
294,511
294,511
294,511
294,511
363,442
363,442
854,724
101,867
845,132
270,861
747,945
747,945
670,125
378,529
62,539
400,949
105,39
105,39
585,96
585,96
585,96
585,96
906,273
453,116
499,665
352,80
643,941
643,941
643,941
294,506
294,506
152,64
230,651
230,651
899,25
42,517
143,585
143,585
143,585
143,585
707,924
257,210
449,278
464,861
464,861
464,861
525,165
468,888
517,723
15,495
168,718
168,718
659,935
659,935
659,935
173,612
173,612
384,736
384,736
294,662
791,428
816,374
314,94
314,94
372,30
372,30
534,799
112,62
669,333
669,333
669,333
757,770
757,770
757,770
757,770
757,770
566,889
27,567
869,774
262,283
798,396
798,396
779,6
493,64
493,64
493,64
598,634
598,634
598,634
477,448
758,487
907,513
929,816
929,816
224,542
224,542
224,542
224,542
227,601
218,533
579,204
579,204
878,977
448,852
256,888
127,148
225,727
225,727
482,413
482,413
710,27
396,944
396,944
547,182
547,182
270,786
570,625
570,625
445,334
174,199
174,199
527,930
978,378
978,378
978,378
191,663
773,679
773,679
773,679
773,679
825,659
825,659
554,890
554,890
554,890
554,890
586,96
586,96
146,714
146,714
963,800
668,60
668,60
120,827
120,827
3,100
3,100
289,198
289,198
289,198
410,188
410,188
314,837
314,837
314,837
747,971
469,321
405,41
525,903
525,903
340,920
69,803
69,803
69,803
939,850
741,77
387,400
874,159
874,159
874,159
874,159
874,159
297,24
463,65
33,428
33,428
566,571
566,571
566,571
764,362
764,362
449,875
449,875
200,726
200,726
200,726
200,726
200,726
364,123
524,261
565,610
192,963
767,855
767,855
767,855
271,39
271,39
683,531
683,531
683,531
893,939
893,939
893,939
529,968
529,968
529,968
529,968
529,968
84,48
646,893
312,433
312,433
487,629
19,635
690,574
565,292
423,986
180,75
180,75
180,75
180,75
896,626
896,626
280,421
280,421
623,954
433,537
31,802
705,257
705,257
705,257
705,257
714,30
714,30
714,30
215,358
876,142
842,802
842,802
792,591
792,591
511,689
511,689
511,689
502,951
656,324
656,324
617,206
520,297
77,257
816,324
67,196
67,196
429,370
429,370
981,497
456,459
163,470
456,808
211,406
657,203
747,469
747,469
398,463
398,463
432,580
432,580
432,580
988,450
215,913
323,585
443,579
443,579
443,579
998,881
220,14
220,14
220,14
550,924
550,924
550,924
550,924
607,150
229,781
229,781
584,179
697,821
484,252
484,252
985,708
985,708
985,708
985,708
334,843
580,896
5,910
5,910
694,178
659,613
910,856
454,413
454,413
593,999
505,513
349,46
127,97
127,97
127,97
127,97
610,464
133,524
526,169
561,328
336,235
213,585
330,381
957,479
957,479
340,696
340,696
848,113
848,113
848,113
819,24
293,814
420,508
652,683
742,691
807,809
807,809
807,809
840,421
840,421
810,237
173,228
173,228
173,228
776,74
942,575
942,575
380,204
806,318
37,42
181,686
181,686
813,64
346,714
623,637
477,523
352,782
209,108
358,70
933,93
673,561
799,989
799,989
940,564
161,653
238,790
273,804
187,303
187,303
605,322
997,461
59,562
59,562
506,71
506,71
506,71
165,796
384,755
384,755
704,72
704,72
704,72
704,72
193,176
193,176
193,176
752,718
752,718
725,279
625,835
625,835
303,523
303,523
730,85
730,85
100,638
100,638
334,930
233,862
233,862
233,862
233,862
233,862
523,700
22,917
370,585
370,585
860,396
860,396
337,532
88,237
223,168
580,19
108,488
809,716
28,229
28,229
543,687
543,687
543,687
848,105
546,291
526,12
755,133
755,133
750,851
373,292
373,292
786,92
786,92
786,92
786,92
786,92
786,92
946,430
946,430
882,390
882,390
882,390
882,390
549,135
846,412
846,412
846,412
54,800
632,625
632,625
756,211
756,211
128,253
121,323
121,323
121,323
810,535
961,4
397,207
79,419
562,857
562,857
562,857
200,425
200,425
766,920
433,298
970,772
970,772
331,994
331,994
329,97
565,178
772,373
200,133
320,878
593,364
593,364
593,364
186,157
898,290
898,290
600,433
422,399
970,489
736,383
43,284
945,993
373,856
373,856
373,856
509,586
509,586
450,507
916,859
262,720
991,671
991,671
227,757
227,757
703,61
36,187
36,187
337,120
984,574
984,574
984,574
476,658
708,717
563,538
562,107
526,237
449,289
371,426
923,163
664,499
827,691
314,571
314,571
314,571
564,82
564,82
939,885
939,885
170,23
170,23
170,23
827,833
827,833
827,833
827,833
702,509
702,509
702,509
251,711
251,711
251,711
811,633
811,633
811,633
811,633
198,587
117,722
117,722
117,722
333,877
438,959
79,298
99,516
444,116
444,116
766,12
844,294
844,294
844,294
516,492
696,139
696,139
696,139
334,501
3,169
201,392
117,2
117,2
117,2
638,656
943,32
894,298
607,968
293,59
461,328
860,156
801,731
801,731
383,231
383,231
170,255
36,509
36,509
976,650
976,650
198,817
219,931
912,851
858,628
858,628
858,628
858,628
14,675
455,410
333,393
56,133
384,510
323,750
323,750
841,322
841,322
476,213
476,213
478,569
711,466
529,935
529,935
529,935
529,935
8,761
8,761
655,292
655,292
124,642
105,493
521,845
521,845
521,845
742,926
646,439
277,230
647,470
647,470
647,470
94,983
94,983
451,635
451,635
451,635
691,273
940,629
940,629
940,629
940,629
940,629
668,666
306,152
500,345
542,983
723,292
964,866
964,866
964,866
873,722
6,686
472,767
472,767
790,732
790,732
790,732
790,732
790,732
790,732
790,732
237,67
476,527
542,661
956,863
956,863
161,326
999,506
999,506
999,506
999,506
474,603
474,603
474,603
474,603
887,734
887,734
440,632
860,831
860,831
806,455
785,606
785,606
785,606
290,139
176,363
196,10
951,296
951,296
951,296
951,296
951,296
614,300
921,909
187,843
903,226
998,878
447,748
447,748
447,748
936,373
685,332
242,577
584,185
512,272
445,157
445,157
885,519
885,519
292,590
508,594
231,134
428,182
428,182
428,182
95,920
610,976
581,986
581,986
581,986
581,986
581,986
146,89
798,92
798,92
636,712
636,712
636,712
636,712
636,712
591,279
421,119
421,119
421,119
421,119
485,301
87,317
744,468
565,910
565,910
565,910
565,910
565,910
565,910
565,910
565,910
467,929
438,131
725,878
725,878
725,878
899,450
431,815
912,807
912,807
155,478
579,910
981,538
453,85
540,879
429,401
151,392
360,465
277,364
277,364
839,106
366,653
366,653
355,638
355,638
422,632
393,44
393,44
393,44
825,219
51,878
254,131
254,131
849,452
413,390
550,98
550,98
839,582
839,582
839,582
839,582
448,179
418,818
418,818
67,804
488,976
303,818
303,818
303,818
257,631
535,165
535,165
535,165
314,338
308,330
444,757
452,612
452,612
452,612
424,923
825,499
825,499
74,223
74,223
874,657
58,51
58,51
58,51
734,572
734,572
988,618
72,280
529,866
246,148
246,148
246,148
246,148
114,488
114,488
114,488
114,488
636,157
475,745
344,295
489,876
489,876
625,137
568,41
532,971
532,971
302,743
302,743
302,743
663,961
52,621
631,518
179,313
179,313
196,321
196,321
196,321
111,274
30,497
30,497
594,108
594,108
358,638
358,638
358,638
358,638
358,638
577,383
577,383
447,497
447,497
447,497
749,35
361,689
361,689
361,689
496,378
456,410
456,410
456,410
456,410
106,803
106,803
106,803
463,289
463,289
528,891
271,440
271,440
133,328
133,328
675,349
215,788
678,97
513,101
513,101
681,637
681,637
681,637
681,637
390,253
283,806
283,806
813,847
906,506
433,437
433,437
433,437
225,648
88,669
88,669
22,330
846,743
846,743
434,875
313,609
313,609
313,609
880,68
880,68
880,68
880,68
534,433
534,433
534,433
459,725
849,68
493,722
493,722
493,722
955,734
289,825
73,408
101,171
101,171
101,171
397,128
397,128
156,396
156,396
156,396
17,476
17,476
500,95
500,95
568,326
160,646
869,686
869,686
691,270
691,270
632,304
102,593
266,331
245,45
487,934
487,934
487,934
487,934
781,405
33,103
903,133
903,133
841,546
841,546
338,980
338,980
338,980
999,914
71,441
649,563
33,968
778,928
0,241
600,532
600,532
600,532
600,532
165,194
19,244
19,244
269,435
709,446
666,148
687,684
687,684
68,382
249,282
249,282
750,105
846,566
846,566
846,566
909,355
760,896
760,896
760,896
760,896
760,896
124,999
762,286
135,992
450,141
446,838
704,384
599,298
599,298
452,177
452,177
452,177
265,326
468,185
468,185
160,127
160,127
160,127
708,493
708,493
717,432
717,432
865,714
549,762
549,762
61,52
872,940
494,526
523,545
352,88
17,608
190,638
6,675
344,595
344,595
344,595
847,765
847,765
369,626
369,626
491,947
992,129
992,129
754,97
754,97
821,20
441,3
441,3
441,3
895,517
895,517
361,686
361,686
169,206
169,206
549,618
117,633
326,291
938,55
938,55
309,381
91,449
364,46
364,46
364,46
687,101
687,101
840,715
13,581
13,581
13,581
113,863
436,945
809,41
809,41
809,41
809,41
809,41
809,41
461,422
814,259
921,48
261,552
125,524
125,524
231,575
919,12
554,298
693,540
267,490
113,231
113,231
113,231
113,231
279,535
742,836
742,836
834,625
595,955
685,70
354,430
354,430
31,340
88,991
88,991
908,406
431,424
149,230
149,230
828,21
491,265
357,168
337,581
337,581
264,25
543,252
543,252
543,252
543,252
527,237
840,886
840,886
415,174
415,174
827,756
827,756
628,692
628,692
628,692
724,553
528,895
32,13
997,871
798,889
172,208
308,408
938,913
73,976
73,976
624,995
1,322
127,17
56,734
56,734
571,567
571,567
153,757
702,788
351,975
241,91
885,900
885,900
688,644
895,787
276,371
553,198
873,792
701,689
739,420
739,420
973,521
372,155
517,100
517,100
517,100
748,630
748,630
271,99
618,824
951,162
951,162
743,375
453,474
223,3
223,3
755,975
755,975
755,975
724,449
724,449
166,462
594,465
594,465
563,425
909,553
909,553
284,419
844,229
834,352
834,352
855,467
976,300
976,300
976,300
976,300
525,522
717,493
717,493
193,797
570,971
570,971
357,497
861,36
213,993
213,993
213,993
213,993
151,389
546,309
316,951
316,951
316,951
314,924
314,924
346,665
346,665
881,155
945,811
648,308
541,478
541,478
541,478
554,510
165,173
233,412
210,407
915,737
915,737
632,270
925,715
135,995
135,995
33,808
33,808
33,808
161,891
270,8
596,774
83,543
83,543
681,655
137,396
66,393
57,290
179,996
179,996
704,53
240,903
649,486
304,290
304,290
81,742
81,742
81,742
81,742
684,821
773,457
248,585
294,97
999,906
999,906
225,699
225,699
225,699
293,579
293,579
782,561
541,222
541,222
783,545
356,153
673,248
673,248
673,248
673,248
673,248
594,409
726,211
375,203
679,548
358,608
358,608
926,267
926,267
130,409
819,18
240,369
795,930
545,984
545,984
701,671
701,671
42,682
945,668
569,745
569,745
73,398
73,398
73,398
73,398
267,845
617,567
83,33
83,33
174,538
701,650
233,101
233,101
331,479
872,91
534,99
38,983
81,699
81,699
81,699
323,929
607,825
80,648
144,227
144,227
565,721
565,721
565,721
977,897
749,241
749,241
749,241
624,758
204,771
596,680
879,901
330,49
330,49
330,49
103,378
204,479
204,479
199,643
155,996
2,41
895,176
238,677
238,677
333,535
292,418
510,185
510,185
510,185
510,185
867,955
867,955
565,689
565,689
650,643
971,968
971,968
971,968
295,740
936,902
150,824
695,128
250,290
250,290
250,290
173,344
610,173
93,283
641,701
641,701
973,882
385,371
385,371
638,112
882,888
902,239
178,994
700,359
175,651
175,651
599,223
434,21
525,103
693,625
463,168
577,840
282,48
282,48
829,548
829,548
829,548
829,548
829,548
713,131
324,947
324,947
324,947
698,511
698,511
156,943
608,1
119,240
119,240
473,229
706,731
706,731
171,721
92,171
201,200
621,585
165,743
165,743
454,749
282,126
434,292
670,653
608,414
648,56
648,56
145,491
738,723
424,35
424,35
292,31
292,31
292,31
208,226
687,17
687,17
687,17
687,17
687,17
506,15
506,15
506,15
643,740
720,414
682,74
12,592
873,491
873,491
873,491
873,491
873,491
913,134
590,825
978,521
978,521
183,493
962,326
315,899
303,733
303,733
34,221
545,957
545,957
545,957
603,396
192,604
901,513
118,803
924,204
924,204
116,814
116,814
116,814
116,814
116,814
49,253
49,253
49,253
60,743
815,833
815,833
806,696
806,696
464,312
464,312
65,970
815,862
815,862
332,207
332,207
980,383
148,521
148,521
811,791
746,780
257,112
619,164
619,164
619,164
456,102
456,102
287,487
287,487
287,487
564,324
564,324
564,324
175,859
175,859
602,981
538,744
538,744
829,154
911,94
43,808
866,308
197,293
189,311
544,33
360,691
360,691
360,691
360,691
781,220
781,220
781,220
781,220
781,220
781,220
781,220
945,462
891,230
458,750
181,23
937,460
356,632
356,632
997,307
51,123
51,123
134,94
120,346
120,346
120,346
120,346
120,346
600,194
600,194
915,539
627,956
627,956
838,453
838,453
838,453
838,453
838,453
249,582
268,175
675,792
808,698
808,698
808,698
808,698
808,698
808,698
707,914
519,470
519,470
519,470
963,13
963,13
905,644
905,644
996,483
550,776
804,802
804,802
807,392
466,229
466,229
23,532
396,939
138,706
976,734
911,726
515,481
309,414
309,414
20,88
968,593
968,593
968,593
355,874
355,874
355,874
410,500
98,389
42,242
42,242
382,255
599,259
278,887
632,574
632,574
89,922
211,244
211,244
211,244
911,513
942,300
942,300
648,238
648,238
419,682
827,82
584,59
584,59
584,59
559,939
39,53
205,78
465,97
778,438
194,997
597,758
190,261
190,261
985,815
551,561
724,862
793,423
793,423
117,958
427,187
823,446
823,446
823,446
790,509
173,361
173,361
378,535
378,535
5,715
258,693
742,967
368,524
696,511
428,194
428,194
353,743
511,13
511,13
459,885
459,885
480,524
305,81
160,816
449,549
966,3
982,811
981,161
981,161
981,161
87,231
87,231
87,231
623,389
623,389
309,506
805,308
169,868
169,868
283,146
283,146
283,146
930,198
823,147
823,147
823,147
823,147
823,147
823,147
516,961
516,961
482,231
482,231
451,814
597,782
280,152
957,63
949,827
949,827
8,490
8,490
759,959
966,268
966,268
966,268
966,268
563,29
370,53
440,415
440,415
476,517
476,517
677,217
942,770
567,629
567,629
867,113
394,643
394,643
628,202
627,342
627,342
980,508
360,323
976,408
981,664
981,664
25,864
462,515
462,515
462,515
314,628
314,628
314,628
60,137
688,397
688,397
989,970
396,219
982,180
585,973
744,733
960,656
960,656
34,453
34,453
34,453
737,691
581,316
581,316
632,651
632,651
632,651
66,181
66,181
66,181
66,181
205,755
216,933
790,17
511,112
520,613
273,471
273,471
76,779
505,288
505,288
505,288
45,431
45,431
60,831
888,573
375,132
21,640
534,716
646,632
646,632
427,802
184,268
975,387
975,387
975,387
975,387
975,387
975,387
22,462
203,591
223,267
223,267
223,267
223,267
223,267
223,267
636,374
640,203
640,203
640,203
923,866
626,929
573,473
573,473
707,331
707,331
707,331
429,806
429,806
429,806
664,547
52,16
424,967
956,57
781,660
781,660
781,660
781,660
298,252
487,587
677,39
677,39
491,795
491,221
464,171
209,926
485,719
485,719
485,719
485,719
488,960
488,960
488,960
370,337
497,604
497,604
497,604
246,304
178,131
94,625
94,625
94,625
94,625
94,625
94,625
789,31
789,31
149,215
929,764
303,458
303,458
488,47
779,693
779,693
373,24
389,260
388,825
607,9
607,9
449,976
26,175
139,562
542,274
542,274
494,218
377,408
377,408
49,363
758,134
758,134
966,931
966,931
966,931
966,931
966,931
966,931
29,453
360,783
360,783
366,240
872,526
561,169
561,169
223,451
119,492
119,492
119,492
119,492
215,781
215,781
215,781
215,781
31,44
31,44
31,44
22,655
847,567
651,176
651,176
651,176
281,536
281,536
281,536
827,356
453,547
424,956
424,956
712,191
712,191
350,587
26,699
559,981
433,505
792,699
792,699
804,513
581,820
720,501
720,501
720,501
747,223
578,234
578,234
578,234
973,238
973,238
753,856
382,339
382,339
645,249
49,488
481,748
237,611
237,611
44,120
44,120
44,120
836,387
978,352
978,352
978,352
593,360
593,360
429,287
958,450
744,171
86,122
369,893
235,948
683,8
858,930
858,930
858,930
858,930
995,740
995,740
995,740
995,740
764,122
764,122
386,705
386,705
386,705
386,705
35,334
804,241
804,241
959,933
283,579
411,436
411,436
411,436
733,890
733,890
269,210
113,969
442,456
926,80
926,80
926,80
926,80
926,80
95,532
316,586
604,933
604,933
618,320
289,746
289,746
356,395
752,743
692,622
692,622
963,933
963,933
282,256
282,256
759,629
759,629
759,629
759,629
201,512
201,512
201,512
226,527
832,577
557,244
557,244
143,796
35,934
316,543
316,543
49,97
49,97
350,645
350,645
581,645
581,645
141,316
141,316
378,594
378,594
962,14
905,296
905,296
297,882
869,797
767,167
767,167
267,257
226,357
226,357
226,357
7,500
644,6
986,946
986,946
29,334
628,980
942,301
701,281
353,811
353,811
961,927
474,373
535,794
535,794
535,794
535,794
945,365
945,365
945,365
778,315
778,315
366,862
331,5
129,343
129,343
404,28
287,77
215,691
215,691
708,344
708,344
708,344
358,416
358,416
358,416
717,32
748,281
748,281
748,281
879,507
709,244
52,375
52,375
985,403
985,403
985,403
861,893
759,173
637,651
96,818
890,925
890,925
402,938
231,248
107,192
866,877
530,403
530,403
479,303
479,303
509,130
729,367
729,367
941,415
941,415
567,510
964,15
431,193
452,283
452,283
646,786
646,786
235,528
235,528
235,528
235,528
27,422
27,422
27,422
991,888
749,429
749,429
749,429
749,429
749,429
749,429
549,227
549,227
169,94
169,94
665,538
926,535
763,117
234,60
470,356
203,173
203,173
49,263
636,464
508,693
906,434
44,662
374,931
495,41
327,18
714,377
714,377
714,377
714,377
714,377
714,377
236,338
693,314
693,314
693,314
693,314
799,897
799,897
799,897
591,190
758,406
804,469
728,232
728,232
475,96
475,96
866,434
994,717
32,188
198,422
802,620
793,183
690,994
941,550
941,550
891,687
225,442
225,442
225,442
198,81
220,630
139,862
139,862
71,402
71,402
651,447
651,447
651,447
651,447
398,104
398,104
398,104
27,785
822,791
822,791
822,791
115,807
115,807
115,807
2,17
289,802
919,249
302,226
262,702
334,507
334,507
713,821
713,821
239,989
685,180
685,180
969,177
969,177
969,177
215,850
829,710
59,725
105,813
731,736
92,317
511,768
511,768
608,761
228,741
228,741
596,82
840,354
840,354
840,354
840,354
840,354
62,287
62,287
844,363
844,363
913,70
972,970
537,987
537,987
70,909
70,909
927,29
1,407
942,386
872,288
872,288
933,910
772,212
36,258
36,258
918,816
130,918
484,734
484,734
880,270
880,270
880,270
754,461
661,559
661,559
459,255
459,255
859,960
929,439
223,830
772,303
91,610
112,795
128,530
768,432
102,955
80,843
80,843
745,852
412,456
412,456
14,144
14,144
992,821
994,680
994,680
994,680
106,623
927,300
927,300
927,300
64,40
831,655
831,655
240,75
240,75
606,362
731,586
731,586
731,586
600,732
1,409
246,37
914,127
514,373
514,373
335,745
966,201
97,457
51,127
13,978
13,978
955,340
225,210
225,210
225,210
246,726
246,726
924,548
680,827
503,814
529,344
404,907
41,713
326,951
326,951
177,704
177,704
450,673
450,673
450,673
89,953
89,953
600,184
600,184
600,184
600,184
395,609
558,269
969,496
414,50
728,907
728,907
728,907
253,369
253,369
3,448
567,202
567,202
567,202
567,202
567,202
391,506
55,793
515,898
781,989
425,480
425,480
707,66
606,841
606,841
170,680
170,680
170,680
170,680
958,212
449,273
626,832
255,391
497,129
180,298
218,482
218,482
132,345
315,748
315,748
315,748
315,748
315,748
315,748
331,698
893,416
893,416
893,416
893,416
415,928
795,352
795,352
795,352
795,352
350,121
350,121
859,637
49,595
372,157
372,157
372,157
926,37
774,183
774,183
703,263
703,263
671,939
356,140
356,140
356,140
668,379
668,379
409,190
340,786
340,786
340,786
3,310
761,930
761,930
484,88
131,47
131,47
131,47
23,31
636,5
325,317
487,981
667,235
667,235
667,235
895,748
471,725
634,128
634,128
610,752
610,752
809,25
850,312
850,312
140,419
140,419
854,919
85,476
804,8
804,8
804,8
781,297
781,297
781,297
781,297
125,515
160,281
160,281
173,429
173,429
446,196
446,196
920,909
599,849
609,635
21,864
236,29
236,29
236,29
372,438
317,700
609,89
415,549
415,549
415,549
222,257
414,246
226,281
226,281
226,281
226,281
226,281
746,42
746,42
103,776
155,348
477,184
898,200
421,890
203,548
713,475
149,812
649,563
760,214
976,997
976,997
370,831
370,831
304,662
14,669
14,669
49,46
49,46
49,46
911,340
911,340
911,340
630,300
376,825
33,223
733,859
733,859
318,67
852,855
362,771
193,874
864,27
864,27
683,636
265,260
265,260
292,167
292,167
292,167
292,167
17,803
81,110
253,234
253,234
554,642
554,642
152,952
607,348
138,681
180,842
347,384
632,107
632,107
963,174
930,145
930,145
281,259
281,259
281,259
144,333
473,975
473,975
919,959
642,356
743,704
718,380
345,975
3,859
350,467
350,467
934,102
934,102
700,394
445,288
151,277
510,64
510,64
510,64
776,673
776,673
776,673
620,931
585,112
924,404
924,404
924,404
289,932
289,932
289,932
289,932
289,932
348,530
348,530
834,862
336,807
336,807
336,807
336,807
653,570
22,507
22,507
22,507
78,666
78,666
302,231
302,231
302,231
302,231
302,231
302,231
325,924
325,924
243,298
152,973
152,973
152,973
533,907
789,320
778,115
496,422
342,583
342,583
726,815
476,56
490,794
818,637
818,637
374,67
779,558
576,692
223,410
207,242
207,242
347,250
347,250
347,250
644,57
644,57
445,456
31,350
31,350
465,87
465,87
44,385
727,209
886,775
128,553
128,553
634,123
780,246
558,161
238,816
172,984
900,303
438,344
224,109
224,109
385,628
385,628
322,426
322,426
398,679
398,679
398,679
658,413
484,684
581,35
581,35
567,280
374,971
745,53
51,211
51,211
1,876
711,984
209,454
209,454
209,454
209,454
111,729
111,729
111,729
679,863
569,29
591,172
591,172
554,224
137,812
137,812
137,812
137,812
137,812
137,812
137,812
710,640
710,640
642,420
642,420
642,420
344,398
344,398
344,398
344,398
528,168
528,168
528,168
528,168
643,996
643,996
556,188
556,188
556,188
556,188
246,934
246,934
246,934
246,934
246,934
246,934
246,934
768,187
91,747
845,267
241,694
241,694
872,851
872,851
189,145
141,639
940,884
940,884
551,186
551,186
551,186
551,186
304,47
417,223
657,56
518,990
518,990
244,572
192,77
192,77
192,77
698,105
400,150
455,475
248,606
820,807
208,752
208,752
397,601
235,747
235,747
615,733
782,56
782,56
987,103
987,103
729,827
325,452
973,322
50,941
50,941
50,941
691,19
519,669
722,827
722,827
722,827
918,510
918,510
234,516
510,355
177,299
572,183
339,238
339,238
214,926
214,926
961,844
426,184
426,184
426,184
426,184
267,239
723,983
723,983
851,329
851,329
945,706
884,684
63,959
856,723
799,543
799,543
628,382
225,978
225,978
225,978
626,476
262,255
612,507
178,507
886,608
886,608
262,703
853,336
853,336
975,38
876,279
874,41
874,41
874,41
181,50
952,599
658,652
428,359
973,864
973,864
973,864
80,774
872,270
872,270
872,270
872,270
872,270
872,270
872,270
268,897
268,897
616,535
483,417
483,417
970,363
970,363
970,363
970,363
406,182
977,203
26,876
26,876
26,876
533,120
252,771
252,771
252,771
157,526
655,100
655,100
655,100
296,219
296,219
129,340
46,127
898,523
816,523
457,362
38,19
38,19
38,19
458,721
458,721
668,757
668,757
668,757
180,173
481,257
662,646
369,492
374,71
374,71
339,237
967,829
791,953
791,953
791,953
921,801
921,801
921,801
921,801
339,474
390,812
83,509
180,885
219,429
863,245
268,546
774,395
774,395
868,487
408,438
408,438
408,438
736,91
809,304
794,708
497,504
284,363
467,301
467,301
290,88
610,550
610,550
969,827
969,827
575,645
575,645
574,512
574,512
450,485
450,485
545,899
545,899
395,902
66,211
825,259
125,195
316,796
316,796
328,920
432,13
432,13
432,13
432,13
492,931
586,476
280,773
211,649
211,649
934,282
770,610
770,610
514,995
8,255
8,255
330,678
139,537
269,634
132,729
132,729
19,73
893,63
893,63
305,403
67,127
809,578
965,792
965,792
965,792
941,745
941,745
187,357
71,812
549,941
465,470
93,237
93,237
93,237
93,237
93,237
563,506
230,510
230,510
1,887
234,864
234,864
322,985
322,985
322,985
751,633
999,383
999,383
616,964
616,964
616,964
680,927
680,927
608,56
350,364
350,364
350,364
350,364
350,364
350,364
795,278
684,76
522,611
595,264
595,264
595,264
595,264
595,264
595,264
332,687
721,294
721,294
108,828
71,946
439,812
378,285
378,285
454,264
489,47
799,239
799,239
799,239
10,671
879,850
770,727
770,727
770,727
770,727
770,727
487,47
487,47
307,508
258,422
769,856
769,856
71,161
754,566
754,566
754,566
754,566
723,172
342,420
342,420
763,228
85,101
175,780
539,982
367,610
367,610
467,385
507,44
507,44
35,283
35,283
13,161
827,521
500,938
744,981
744,981
987,322
987,322
987,322
857,740
712,141
837,3
837,3
57,295
397,931
524,631
396,253
660,318
618,418
618,418
618,418
191,643
191,643
191,643
191,643
191,643
160,95
160,95
263,82
979,573
982,114
982,114
982,114
209,562
489,473
489,473
213,304
174,807
752,46
113,409
8,68
427,97
427,97
119,4
119,4
119,4
468,177
468,177
468,177
763,31
188,768
141,782
141,782
141,782
141,782
17,609
443,414
443,414
443,414
750,296
750,296
855,774
342,297
852,153
852,153
360,428
79,798
446,323
478,371
478,371
906,889
420,177
622,381
956,414
956,414
162,35
209,392
209,392
9,746
9,746
320,585
13,974
167,332
167,332
167,332
167,332
311,819
969,92
561,340
561,340
561,340
561,340
907,331
228,214
659,294
89,937
89,937
28,687
637,876
916,447
916,447
816,25
376,259
607,489
484,392
484,392
432,778
30,71
543,551
543,551
646,771
90,94
90,94
323,149
323,149
892,158
597,231
678,832
741,77
741,77
592,532
222,506
949,487
949,487
949,487
761,362
761,362
806,211
806,211
806,211
806,211
367,468
598,341
177,161
71,189
511,947
511,947
533,268
533,268
533,268
564,702
946,922
946,922
946,922
509,462
274,306
275,812
533,815
533,815
193,982
347,173
19,865
19,930
436,576
11,633
11,633
11,633
11,633
11,633
396,645
396,645
396,645
396,645
775,709
621,223
621,223
456,603
456,603
456,603
456,603
456,603
986,708
38,292
38,292
393,513
27,744
27,744
331,453
331,453
765,298
145,146
153,336
358,414
82,745
82,745
82,745
82,745
82,745
829,462
829,462
829,462
3,724
503,752
361,672
221,970
221,970
221,970
221,970
425,56
425,56
70,790
308,388
693,111
361,85
855,37
904,674
904,674
904,674
223,211
223,211
155,606
155,606
368,111
368,111
408,853
522,644
193,538
193,538
167,143
399,687
815,572
180,164
266,284
681,174
681,174
681,174
681,174
584,347
584,347
272,606
153,49
474,377
474,377
33,471
33,471
33,471
33,471
33,471
685,422
685,422
311,791
294,439
879,45
427,537
596,197
596,197
596,197
793,262
793,262
793,262
112,855
563,289
72,284
72,284
20,364
352,960
830,827
319,938
319,938
319,938
319,938
791,402
791,402
443,11
357,726
357,726
357,726
357,726
357,726
729,404
330,865
330,865
330,865
330,865
898,488
898,488
123,121
730,397
730,397
537,997
2,935
462,966
917,257
59,831
704,267
295,471
295,471
96,35
96,35
338,177
760,109
760,109
760,109
760,109
38,13
397,757
754,722
82,933
82,933
654,551
654,551
654,551
654,551
654,551
654,551
200,455
200,455
200,455
389,430
422,340
874,363
192,386
979,748
979,748
979,748
979,748
772,634
772,634
422,306
422,306
463,129
410,604
915,171
181,800
181,800
893,286
827,477
827,477
534,345
592,67
592,67
207,180
73,551
376,843
149,675
957,474
907,9
131,977
131,977
131,977
440,363
956,764
956,764
844,227
183,698
183,698
183,698
183,698
183,698
183,698
183,698
183,698
463,918
600,268
695,577
324,477
761,590
761,590
544,576
544,576
544,576
447,210
447,210
835,562
835,562
263,295
263,295
263,295
263,295
263,295
263,295
421,102
421,102
421,102
985,113
985,113
273,298
944,12
53,276
682,931
479,501
886,429
886,429
886,429
886,429
43,447
495,450
495,450
701,311
701,311
681,455
602,290
155,667
982,766
85,536
85,536
464,30
530,739
530,739
882,285
882,285
882,285
882,285
882,285
605,808
605,808
688,59
688,59
133,534
911,83
181,552
875,959
372,827
372,827
836,707
694,808
601,48
638,681
774,328
216,900
216,900
216,900
933,830
665,98
665,98
263,292
315,956
670,22
670,22
706,204
729,61
280,334
359,44
359,44
970,682
970,682
80,312
80,312
282,205
717,718
206,606
206,606
792,74
792,74
792,74
102,894
102,894
102,894
940,838
590,241
516,619
240,332
773,414
396,440
802,282
802,282
996,813
996,813
996,813
17,402
560,227
148,439
21,617
21,617
21,617
374,53
374,53
110,343
110,343
110,343
946,809
900,342
900,342
547,126
228,467
228,467
565,960
391,434
220,299
395,776
258,686
582,946
360,812
702,972
555,59
369,559
369,559
955,386
955,386
915,250
915,250
267,869
267,869
685,807
922,743
579,307
579,307
491,652
491,652
745,806
880,877
880,877
557,968
808,136
808,136
87,458
87,458
87,458
988,218
780,755
951,747
951,747
951,747
951,747
320,864
320,864
609,979
609,979
609,979
609,979
609,979
689,89
703,651
703,651
945,708
902,244
741,617
343,594
63,737
63,737
271,173
10,193
936,356
936,356
534,820
534,820
534,820
359,202
935,458
728,246
728,246
965,43
965,43
241,294
180,575
180,575
180,575
180,575
992,640
992,640
992,640
57,550
57,550
465,771
399,135
180,907
600,715
600,715
159,46
159,46
552,533
915,381
915,381
780,248
780,248
804,390
10,475
209,647
414,86
30,615
406,884
350,720
855,745
855,745
826,728
519,385
272,39
915,783
915,783
108,744
108,744
761,743
761,743
472,857
843,478
485,457
696,542
696,542
474,584
473,147
473,147
473,147
473,147
56,179
731,679
77,737
623,379
175,482
936,966
979,522
979,522
804,488
804,488
921,3
921,3
223,871
61,74
347,123
768,484
422,891
993,806
893,576
893,576
893,576
893,576
602,952
91,340
91,340
866,606
866,606
860,42
410,994
410,994
410,994
410,994
312,761
419,538
419,538
842,194
559,60
138,191
970,890
970,890
970,890
44,554
44,554
44,554
229,560
290,933
386,775
386,775
788,584
739,106
739,106
337,564
866,195
570,925
570,925
404,52
519,525
640,216
640,216
512,218
512,218
512,218
161,835
787,266
217,233
985,285
985,285
70,574
960,545
786,987
996,278
433,136
482,600
553,534
514,192
789,51
789,51
789,51
403,540
117,701
117,701
798,820
798,820
798,820
889,542
889,542
47,965
34,579
525,665
525,665
525,665
525,665
37,476
361,686
471,407
471,407
471,407
254,447
754,982
754,982
580,254
377,312
377,312
377,312
306,587
306,587
961,505
961,505
59,764
828,809
828,809
828,809
828,809
828,809
299,282
559,680
999,427
274,676
776,593
776,593
0,801
605,565
539,215
539,215
