src,dst,packet_size
76,57,1
76,25,1
76,57,1
44,89,1
76,57,1
76,57,1
88,11,1
90,75,1
32,55,1
86,22,1
66,25,1
88,58,1
72,59,1
79,30,1
22,5,1
25,24,1
47,84,1
64,98,1
85,10,1
64,55,1
88,93,1
61,78,1
97,21,1
39,79,1
11,47,1
94,25,1
72,16,1
76,34,1
93,74,1
11,32,1
19,10,1
78,8,1
14,17,1
78,65,1
39,55,1
13,9,1
27,13,1
24,21,1
19,64,1
38,78,1
78,82,1
93,97,1
66,50,1
74,41,1
34,84,1
63,56,1
63,10,1
63,22,1
96,1,1
80,12,1
80,78,1
11,84,1
78,25,1
83,15,1
10,14,1
97,41,1
22,84,1
96,12,1
90,22,1
10,32,1
14,82,1
14,75,1
2,85,1
87,63,1
19,85,1
11,98,1
66,61,1
79,5,1
47,92,1
10,86,1
80,41,1
23,27,1
23,57,1
76,65,1
37,32,1
76,7,1
23,1,1
32,37,1
25,3,1
9,46,1
15,94,1
63,79,1
72,42,1
91,81,1
53,12,1
80,83,1
44,13,1
25,90,1
53,70,1
94,23,1
55,12,1
89,66,1
9,85,1
34,22,1
14,76,1
63,79,1
56,37,1
55,91,1
6,66,1
67,33,1
33,32,1
74,8,1
74,23,1
28,65,1
16,74,1
5,11,1
7,71,1
56,83,1
1,19,1
23,53,1
79,74,1
64,19,1
53,98,1
50,23,1
98,50,1
46,99,1
32,39,1
28,86,1
43,81,1
61,33,1
74,99,1
23,72,1
56,93,1
32,71,1
32,2,1
13,34,1
54,82,1
23,44,1
59,8,1
80,93,1
27,43,1
56,43,1
32,92,1
14,70,1
51,66,1
10,2,1
43,16,1
56,9,1
44,84,1
14,34,1
41,1,1
16,95,1
47,67,1
74,41,1
63,82,1
63,78,1
43,98,1
98,64,1
88,43,1
14,63,1
75,10,1
27,24,1
9,53,1
16,76,1
90,8,1
18,64,1
8,32,1
37,92,1
92,42,1
9,76,1
25,54,1
25,16,1
74,72,1
75,87,1
85,13,1
91,59,1
99,9,1
50,4,1
21,66,1
64,63,1
11,28,1
24,53,1
81,93,1
16,50,1
98,3,1
23,47,1
89,44,1
95,30,1
93,22,1
22,25,1
35,23,1
35,36,1
86,49,1
44,64,1
1,65,1
21,98,1
84,17,1
80,81,1
89,65,1
65,41,1
84,82,1
19,35,1
12,65,1
76,17,1
61,54,1
61,71,1
74,12,1
70,47,1
99,0,1
85,61,1
32,65,1
53,69,1
62,19,1
18,49,1
15,76,1
55,85,1
97,83,1
32,4,1
52,78,1
97,46,1
86,89,1
86,65,1
23,13,1
56,83,1
61,10,1
61,9,1
72,45,1
75,71,1
61,55,1
86,59,1
61,28,1
4,37,1
97,70,1
97,72,1
80,76,1
1,92,1
51,33,1
25,27,1
32,25,1
74,25,1
34,71,1
95,59,1
44,70,1
4,76,1
67,52,1
94,79,1
50,43,1
59,91,1
79,20,1
17,84,1
34,41,1
72,12,1
4,18,1
97,23,1
98,88,1
4,46,1
4,32,1
63,12,1
95,23,1
8,51,1
72,46,1
86,92,1
32,15,1
53,55,1
32,64,1
13,92,1
64,17,1
33,14,1
75,14,1
89,75,1
64,62,1
76,8,1
89,50,1
95,88,1
56,62,1
99,85,1
53,78,1
14,3,1
20,68,1
12,4,1
54,41,1
32,67,1
22,13,1
82,47,1
8,79,1
96,17,1
4,94,1
84,74,1
71,2,1
79,65,1
32,5,1
62,58,1
65,86,1
74,8,1
45,11,1
50,62,1
23,11,1
78,33,1
47,65,1
53,50,1
76,23,1
76,41,1
4,87,1
78,43,1
78,89,1
18,11,1
53,82,1
8,61,1
33,89,1
46,89,1
7,35,1
80,25,1
94,75,1
27,56,1
34,97,1
82,74,1
7,42,1
49,71,1
49,53,1
50,65,1
18,0,1
1,25,1
72,7,1
42,16,1
12,10,1
15,96,1
58,63,1
46,70,1
71,35,1
49,43,1
33,38,1
85,81,1
20,56,1
1,8,1
85,49,1
79,9,1
7,1,1
32,35,1
2,60,1
44,61,1
45,96,1
56,88,1
75,72,1
95,67,1
2,39,1
92,34,1
59,98,1
79,23,1
41,16,1
52,32,1
62,21,1
23,66,1
46,87,1
45,54,1
45,24,1
15,51,1
74,12,1
88,67,1
21,74,1
21,81,1
21,1,1
84,16,1
25,28,1
81,59,1
23,46,1
44,12,1
53,23,1
46,81,1
26,31,1
7,95,1
3,30,1
11,80,1
54,75,1
53,37,1
78,43,1
8,63,1
21,18,1
16,65,1
55,21,1
50,58,1
95,32,1
36,68,1
36,68,1
36,68,1
36,68,1
36,68,1
36,68,1
36,68,1
36,68,1
32,16,1
51,19,1
44,55,1
20,33,1
20,78,1
90,25,1
61,78,1
54,3,1
94,75,1
81,82,1
82,8,1
82,16,1
59,62,1
56,64,1
33,20,1
47,99,1
92,30,1
97,0,1
58,50,1
43,5,1
61,82,1
74,21,1
74,99,1
10,80,1
70,76,1
50,3,1
72,83,1
19,23,1
2,22,1
67,59,1
37,54,1
27,49,1
5,72,1
96,16,1
84,96,1
66,83,1
30,74,1
37,22,1
97,8,1
43,37,1
72,20,1
20,8,1
32,85,1
50,65,1
82,92,1
92,56,1
25,14,1
2,10,1
17,96,1
46,43,1
18,30,1
47,43,1
47,8,1
55,86,1
88,32,1
9,76,1
70,7,1
84,13,1
9,14,1
72,4,1
86,44,1
46,39,1
22,11,1
86,27,1
47,86,1
72,84,1
96,50,1
51,34,1
4,72,1
37,53,1
49,37,1
16,42,1
45,49,1
25,95,1
36,68,1
36,68,1
39,76,1
33,47,1
56,21,1
30,99,1
84,11,1
93,27,1
3,39,1
14,58,1
93,19,1
15,86,1
28,24,1
78,72,1
88,96,1
86,24,1
13,23,1
14,72,1
12,52,1
12,5,1
53,52,1
51,12,1
51,85,1
52,39,1
24,10,1
3,42,1
58,99,1
37,89,1
10,58,1
46,90,1
66,95,1
56,14,1
41,53,1
96,72,1
96,32,1
10,99,1
5,9,1
52,65,1
63,4,1
11,5,1
30,91,1
78,27,1
41,65,1
20,21,1
41,85,1
92,46,1
17,98,1
15,25,1
54,75,1
23,25,1
90,80,1
71,92,1
14,42,1
12,34,1
12,82,1
5,15,1
13,47,1
13,95,1
95,99,1
58,11,1
13,41,1
94,33,1
49,89,1
48,31,1
45,80,1
70,74,1
49,62,1
35,70,1
67,33,1
47,65,1
45,75,1
99,22,1
80,47,1
6,49,1
78,58,1
18,51,1
65,25,1
5,17,1
50,92,1
50,71,1
99,50,1
58,46,1
89,94,1
14,25,1
14,27,1
65,91,1
87,23,1
4,3,1
89,80,1
51,52,1
94,61,1
19,14,1
79,1,1
13,96,1
12,25,1
12,81,1
12,5,1
93,91,1
82,75,1
11,96,1
37,89,1
14,82,1
25,80,1
63,85,1
83,5,1
10,24,1
37,91,1
34,53,1
90,61,1
47,21,1
59,98,1
58,46,1
98,33,1
39,14,1
79,22,1
88,97,1
17,94,1
96,16,1
44,49,1
66,65,1
66,86,1
80,47,1
1,28,1
8,24,1
75,79,1
4,9,1
47,25,1
32,44,1
14,97,1
64,66,1
58,67,1
59,11,1
88,21,1
17,32,1
87,95,1
59,64,1
89,74,1
54,4,1
94,18,1
45,65,1
12,96,1
75,88,1
75,68,1
41,11,1
78,65,1
92,0,1
19,74,1
55,61,1
50,94,1
41,36,1
28,7,1
0,15,1
94,33,1
90,8,1
4,6,1
58,88,1
47,98,1
58,16,1
78,47,1
95,78,1
14,59,1
7,76,1
36,68,1
36,68,1
36,68,1
34,95,1
88,23,1
28,5,1
93,41,1
96,98,1
2,19,1
62,25,1
84,50,1
41,7,1
41,68,1
41,11,1
21,9,1
21,91,1
59,16,1
62,89,1
93,76,1
79,64,1
7,0,1
46,85,1
88,95,1
99,16,1
92,21,1
0,11,1
97,83,1
5,11,1
74,87,1
97,27,1
97,47,1
38,75,1
44,30,1
35,55,1
17,65,1
13,45,1
34,42,1
91,44,1
35,20,1
85,9,1
92,41,1
24,54,1
9,33,1
34,5,1
7,86,1
8,74,1
99,86,1
54,27,1
34,49,1
58,66,1
66,59,1
97,0,1
61,47,1
63,27,1
81,84,1
67,81,1
90,7,1
76,24,1
80,0,1
55,99,1
78,10,1
41,1,1
45,39,1
63,83,1
3,82,1
66,84,1
56,78,1
89,98,1
70,21,1
28,92,1
44,30,1
66,29,1
18,11,1
67,27,1
66,45,1
22,14,1
21,13,1
67,59,1
34,11,1
89,4,1
39,4,1
37,47,1
37,96,1
47,27,1
45,80,1
96,56,1
36,48,1
45,66,1
44,1,1
17,79,1
3,71,1
56,0,1
44,34,1
74,20,1
17,36,1
59,41,1
61,43,1
50,18,1
9,18,1
62,43,1
41,12,1
54,4,1
76,33,1
26,40,1
61,41,1
59,83,1
9,17,1
12,52,1
38,68,1
21,92,1
74,41,1
94,21,1
6,18,1
2,75,1
96,50,1
14,92,1
14,32,1
63,61,1
87,32,1
44,75,1
99,79,1
12,30,1
39,30,1
82,62,1
82,62,1
7,23,1
7,75,1
75,11,1
61,62,1
46,8,1
1,17,1
28,41,1
96,9,1
1,67,1
63,51,1
63,12,1
1,21,1
23,49,1
95,61,1
47,58,1
92,96,1
75,64,1
58,80,1
4,51,1
93,54,1
13,52,1
28,66,1
39,33,1
84,41,1
1,79,1
42,32,1
23,54,1
84,44,1
86,13,1
89,84,1
63,84,1
63,79,1
92,36,1
71,24,1
32,34,1
75,90,1
75,22,1
82,93,1
15,71,1
10,27,1
15,86,1
50,14,1
81,80,1
54,81,1
35,37,1
82,16,1
10,49,1
70,19,1
35,47,1
96,45,1
56,71,1
6,92,1
25,78,1
76,78,1
41,98,1
19,78,1
9,85,1
45,61,1
45,98,1
4,90,1
45,62,1
90,4,1
39,22,1
49,64,1
79,54,1
44,82,1
70,63,1
8,79,1
66,35,1
10,28,1
33,93,1
34,67,1
25,33,1
5,79,1
93,84,1
59,13,1
98,83,1
54,30,1
14,32,1
44,65,1
41,93,1
45,41,1
9,71,1
93,41,1
23,53,1
72,15,1
67,4,1
10,92,1
58,79,1
67,24,1
6,88,1
91,54,1
52,8,1
21,25,1
49,22,1
49,39,1
64,86,1
42,61,1
52,49,1
12,25,1
12,24,1
15,25,1
15,90,1
52,61,1
23,9,1
59,8,1
79,5,1
7,49,1
39,19,1
75,45,1
15,8,1
63,21,1
39,25,1
84,58,1
30,0,1
17,53,1
86,83,1
43,1,1
83,71,1
85,66,1
47,3,1
96,95,1
89,0,1
66,45,1
51,41,1
76,54,1
13,5,1
19,67,1
53,74,1
71,84,1
58,42,1
83,33,1
32,50,1
64,63,1
10,94,1
90,96,1
16,32,1
16,15,1
96,54,1
92,32,1
78,54,1
97,4,1
78,76,1
85,32,1
97,61,1
44,25,1
80,60,1
21,91,1
36,68,1
86,11,1
17,23,1
78,70,1
94,7,1
42,14,1
63,0,1
79,91,1
23,49,1
39,62,1
2,11,1
84,79,1
11,4,1
19,17,1
91,99,1
46,8,1
46,20,1
0,34,1
58,2,1
58,89,1
12,24,1
67,82,1
86,19,1
92,7,1
92,85,1
41,93,1
21,27,1
67,82,1
12,23,1
32,94,1
87,70,1
56,81,1
52,14,1
1,25,1
11,54,1
25,8,1
74,46,1
99,79,1
3,1,1
14,92,1
36,26,1
79,35,1
20,91,1
20,62,1
23,59,1
61,94,1
91,98,1
72,82,1
46,54,1
47,32,1
56,4,1
21,92,1
16,58,1
23,49,1
50,64,1
11,1,1
90,2,1
72,67,1
20,93,1
41,76,1
51,52,1
75,88,1
36,68,1
36,68,1
36,68,1
22,19,1
22,56,1
48,36,1
97,66,1
59,17,1
97,34,1
17,77,1
42,13,1
42,52,1
32,80,1
21,60,1
1,2,1
62,1,1
75,85,1
24,97,1
48,0,1
28,74,1
92,55,1
32,83,1
56,74,1
9,40,1
17,64,1
53,7,1
22,8,1
3,42,1
89,60,1
23,52,1
51,10,1
55,49,1
32,93,1
10,42,1
79,51,1
28,92,1
28,90,1
86,58,1
48,39,1
36,70,1
64,70,1
1,63,1
89,39,1
82,32,1
41,48,1
84,6,1
32,74,1
37,3,1
89,87,1
84,21,1
63,72,1
9,72,1
99,68,1
51,13,1
39,47,1
22,23,1
18,27,1
66,71,1
88,74,1
28,85,1
42,90,1
44,35,1
70,93,1
88,32,1
45,84,1
93,90,1
62,48,1
15,42,1
32,72,1
32,75,1
40,31,1
0,98,1
79,54,1
79,4,1
84,32,1
47,28,1
30,32,1
48,28,1
21,7,1
3,23,1
14,94,1
39,26,1
75,36,1
5,79,1
6,84,1
34,3,1
44,70,1
44,90,1
21,23,1
78,58,1
11,78,1
30,52,1
41,43,1
39,34,1
3,88,1
52,40,1
61,17,1
14,6,1
50,60,1
82,99,1
67,13,1
92,32,1
94,66,1
52,54,1
88,14,1
88,99,1
95,10,1
74,15,1
27,56,1
27,1,1
21,96,1
21,12,1
32,86,1
1,2,1
54,1,1
63,72,1
62,86,1
32,49,1
89,65,1
89,80,1
15,90,1
6,31,1
11,97,1
27,14,1
76,40,1
47,40,1
58,76,1
56,27,1
0,6,1
4,40,1
95,60,1
14,1,1
41,46,1
97,19,1
21,80,1
53,40,1
75,59,1
22,95,1
44,19,1
1,31,1
84,92,1
4,96,1
89,97,1
39,37,1
1,81,1
80,36,1
50,34,1
40,46,1
40,26,1
21,70,1
26,35,1
75,44,1
55,40,1
55,97,1
96,47,1
45,83,1
37,40,1
12,18,1
22,89,1
16,53,1
16,64,1
56,21,1
36,98,1
4,36,1
26,40,1
51,63,1
40,1,1
42,64,1
88,24,1
82,33,1
37,24,1
54,79,1
80,13,1
16,59,1
49,23,1
63,81,1
26,6,1
80,10,1
98,87,1
84,2,1
12,44,1
76,0,1
36,68,1
36,68,1
16,93,1
79,15,1
50,52,1
50,22,1
66,45,1
48,36,1
50,44,1
2,89,1
33,26,1
36,88,1
65,90,1
74,99,1
89,31,1
31,32,1
40,76,1
62,94,1
1,28,1
90,83,1
96,23,1
40,91,1
40,48,1
46,43,1
88,31,1
7,28,1
89,5,1
61,63,1
44,20,1
20,61,1
35,63,1
58,26,1
58,36,1
90,61,1
40,52,1
80,63,1
80,99,1
19,3,1
44,56,1
74,9,1
55,15,1
27,89,1
27,80,1
61,27,1
92,42,1
94,21,1
36,68,1
36,68,1
16,7,1
23,83,1
59,48,1
94,95,1
49,22,1
49,45,1
16,92,1
16,79,1
90,49,1
40,83,1
40,81,1
40,28,1
74,34,1
2,46,1
59,49,1
67,74,1
72,21,1
8,26,1
36,71,1
36,80,1
31,36,1
49,43,1
49,39,1
3,53,1
41,81,1
66,36,1
0,87,1
63,96,1
67,1,1
36,61,1
59,43,1
23,21,1
23,8,1
37,59,1
6,40,1
79,14,1
99,19,1
25,24,1
3,46,1
90,47,1
99,47,1
74,99,1
48,62,1
42,99,1
8,54,1
70,59,1
62,34,1
54,40,1
16,91,1
27,2,1
7,42,1
54,16,1
54,0,1
34,74,1
23,66,1
78,2,1
55,6,1
40,65,1
76,63,1
64,41,1
81,66,1
2,56,1
40,22,1
98,9,1
14,23,1
16,89,1
28,49,1
36,98,1
74,78,1
26,39,1
75,89,1
94,18,1
63,96,1
36,31,1
56,25,1
6,63,1
80,39,1
90,10,1
98,36,1
33,72,1
92,36,1
35,25,1
83,36,1
66,94,1
89,5,1
23,46,1
43,33,1
91,54,1
54,65,1
80,3,1
12,88,1
26,80,1
84,31,1
46,41,1
86,40,1
58,30,1
86,59,1
13,30,1
0,85,1
24,90,1
88,62,1
79,41,1
42,64,1
40,15,1
40,89,1
40,48,1
49,98,1
8,75,1
11,8,1
33,53,1
66,70,1
40,17,1
21,12,1
19,61,1
71,81,1
42,43,1
88,1,1
88,10,1
88,5,1
72,36,1
86,63,1
21,10,1
87,19,1
81,70,1
81,52,1
40,65,1
41,0,1
10,72,1
44,91,1
21,46,1
55,7,1
72,22,1
34,62,1
80,65,1
46,35,1
53,62,1
28,71,1
41,63,1
45,50,1
23,82,1
40,59,1
81,84,1
80,70,1
32,28,1
59,70,1
31,72,1
43,60,1
36,85,1
53,42,1
15,40,1
17,20,1
3,11,1
12,64,1
91,12,1
81,18,1
11,40,1
52,7,1
50,33,1
14,95,1
51,48,1
49,96,1
45,40,1
54,79,1
62,96,1
12,40,1
41,94,1
50,17,1
85,90,1
85,95,1
72,57,1
51,46,1
40,36,1
44,16,1
15,55,1
15,40,1
26,54,1
36,4,1
47,37,1
87,64,1
10,70,1
66,13,1
26,3,1
55,13,1
6,3,1
3,78,1
70,41,1
24,63,1
5,75,1
15,98,1
80,99,1
37,9,1
55,79,1
5,6,1
59,96,1
59,46,1
70,34,1
48,58,1
48,76,1
2,75,1
14,97,1
50,54,1
58,59,1
74,84,1
67,21,1
40,42,1
54,26,1
97,58,1
58,35,1
51,66,1
10,88,1
44,22,1
37,87,1
27,97,1
41,27,1
41,85,1
51,20,1
86,76,1
86,40,1
16,76,1
59,25,1
17,70,1
45,8,1
33,85,1
58,8,1
92,20,1
41,35,1
58,33,1
58,7,1
99,52,1
56,32,1
19,3,1
19,86,1
20,44,1
65,6,1
65,35,1
82,43,1
12,26,1
99,4,1
97,79,1
56,74,1
54,41,1
40,2,1
75,80,1
0,71,1
35,40,1
91,39,1
40,48,1
67,42,1
84,46,1
76,47,1
90,92,1
18,65,1
8,24,1
43,40,1
17,13,1
85,42,1
50,70,1
46,32,1
6,36,1
6,31,1
9,40,1
67,49,1
15,75,1
91,51,1
3,40,1
5,88,1
48,32,1
48,94,1
17,89,1
15,56,1
89,1,1
3,80,1
25,33,1
21,94,1
33,0,1
88,15,1
31,36,1
70,45,1
70,2,1
31,6,1
48,21,1
28,40,1
28,36,1
75,20,1
24,21,1
90,36,1
44,53,1
89,52,1
7,1,1
33,65,1
41,93,1
41,35,1
91,31,1
0,79,1
61,45,1
27,31,1
12,43,1
89,72,1
18,43,1
59,79,1
88,42,1
36,39,1
21,1,1
53,92,1
30,25,1
67,43,1
22,71,1
83,30,1
43,33,1
82,32,1
32,11,1
48,31,1
11,94,1
40,26,1
34,81,1
74,28,1
59,32,1
66,62,1
50,42,1
98,76,1
13,48,1
30,62,1
67,74,1
25,81,1
88,23,1
56,85,1
65,55,1
56,30,1
40,32,1
53,41,1
26,95,1
90,61,1
37,30,1
72,46,1
58,26,1
66,20,1
90,25,1
13,27,1
31,74,1
8,45,1
58,39,1
1,46,1
1,90,1
33,24,1
10,99,1
10,32,1
33,86,1
17,18,1
90,17,1
24,27,1
11,24,1
48,30,1
26,48,1
72,88,1
48,54,1
86,99,1
76,5,1
54,79,1
39,97,1
87,79,1
1,62,1
13,47,1
40,31,1
49,98,1
44,50,1
42,79,1
80,40,1
11,48,1
27,30,1
31,11,1
40,31,1
33,21,1
76,55,1
59,37,1
70,74,1
40,3,1
62,61,1
62,2,1
5,48,1
13,43,1
30,99,1
26,40,1
9,90,1
11,1,1
61,68,1
43,91,1
64,76,1
16,62,1
58,48,1
28,49,1
11,46,1
11,70,1
11,91,1
32,16,1
14,52,1
85,2,1
33,98,1
41,70,1
17,66,1
86,28,1
86,98,1
67,54,1
98,52,1
12,26,1
26,43,1
99,39,1
63,55,1
55,20,1
28,43,1
31,5,1
91,90,1
59,81,1
46,27,1
11,5,1
63,99,1
56,62,1
48,18,1
37,18,1
70,26,1
87,11,1
89,16,1
33,37,1
3,85,1
70,32,1
1,62,1
89,66,1
4,34,1
51,85,1
21,72,1
9,70,1
17,8,1
34,6,1
76,78,1
47,20,1
46,78,1
40,36,1
49,58,1
14,82,1
6,93,1
11,40,1
31,36,1
2,25,1
23,49,1
89,41,1
44,87,1
95,44,1
6,65,1
52,13,1
8,4,1
13,27,1
88,99,1
41,98,1
23,74,1
76,18,1
76,47,1
21,26,1
12,4,1
97,16,1
92,63,1
49,34,1
49,70,1
25,1,1
93,41,1
98,41,1
15,31,1
74,88,1
11,86,1
17,43,1
14,16,1
99,63,1
4,94,1
4,97,1
2,4,1
89,18,1
24,40,1
21,47,1
3,45,1
54,37,1
62,75,1
94,52,1
89,39,1
49,37,1
88,14,1
54,2,1
62,40,1
0,35,1
14,23,1
58,65,1
35,6,1
34,74,1
39,41,1
61,37,1
27,89,1
21,48,1
92,84,1
26,85,1
2,8,1
19,97,1
33,32,1
42,54,1
83,18,1
99,47,1
36,86,1
49,99,1
8,32,1
6,30,1
32,70,1
0,32,1
20,94,1
20,26,1
63,11,1
23,2,1
23,36,1
49,19,1
99,31,1
40,28,1
40,31,1
50,6,1
78,36,1
79,63,1
54,74,1
9,27,1
5,16,1
40,43,1
58,21,1
49,26,1
94,95,1
78,47,1
19,99,1
90,0,1
90,48,1
90,80,1
24,6,1
26,39,1
37,61,1
51,89,1
43,50,1
10,11,1
34,59,1
80,54,1
81,36,1
12,72,1
13,30,1
84,39,1
82,80,1
25,53,1
79,72,1
28,52,1
7,97,1
85,31,1
61,88,1
44,27,1
48,7,1
48,71,1
18,93,1
43,32,1
23,96,1
23,65,1
42,22,1
78,42,1
56,53,1
9,74,1
36,26,1
36,32,1
56,98,1
41,66,1
40,14,1
62,71,1
31,26,1
26,48,1
26,48,1
53,74,1
23,10,1
15,12,1
96,87,1
90,80,1
48,31,1
61,86,1
61,91,1
61,37,1
99,7,1
58,19,1
40,48,1
40,31,1
81,9,1
93,5,1
40,36,1
9,40,1
5,39,1
79,81,1
89,92,1
28,41,1
72,23,1
24,70,1
34,62,1
34,66,1
82,45,1
87,7,1
24,92,1
94,33,1
36,68,1
0,21,1
90,85,1
31,48,1
74,64,1
8,71,1
65,0,1
40,31,1
41,65,1
40,42,1
40,48,1
46,61,1
66,48,1
24,82,1
43,39,1
43,55,1
43,39,1
62,48,1
58,33,1
7,66,1
78,0,1
94,20,1
49,31,1
58,8,1
87,63,1
67,27,1
19,92,1
81,83,1
51,84,1
51,92,1
28,56,1
59,40,1
3,43,1
85,75,1
34,88,1
31,80,1
31,49,1
22,4,1
36,96,1
7,33,1
40,32,1
39,47,1
66,92,1
84,7,1
33,85,1
33,51,1
33,96,1
16,66,1
53,19,1
7,65,1
36,26,1
26,36,1
13,16,1
61,15,1
40,65,1
15,47,1
25,35,1
74,40,1
66,21,1
14,48,1
5,12,1
75,8,1
15,53,1
93,63,1
51,22,1
55,79,1
55,74,1
31,40,1
12,27,1
5,12,1
12,60,1
90,25,1
27,46,1
97,31,1
26,48,1
58,41,1
30,51,1
83,42,1
79,54,1
83,49,1
51,52,1
21,56,1
0,45,1
76,30,1
20,31,1
48,89,1
40,48,1
40,78,1
33,5,1
33,6,1
28,90,1
13,8,1
20,6,1
46,60,1
46,95,1
54,68,1
82,96,1
83,87,1
50,80,1
36,40,1
7,22,1
40,26,1
41,26,1
6,19,1
16,54,1
22,40,1
50,61,1
31,40,1
40,79,1
14,48,1
70,48,1
21,48,1
31,17,1
48,40,1
84,96,1
84,67,1
4,89,1
15,63,1
44,23,1
26,63,1
84,72,1
75,78,1
74,2,1
74,53,1
72,45,1
40,0,1
40,48,1
9,28,1
11,72,1
42,47,1
34,99,1
95,34,1
87,5,1
90,82,1
1,85,1
35,93,1
74,98,1
85,46,1
48,6,1
0,61,1
36,68,1
70,33,1
28,36,1
6,99,1
44,47,1
18,45,1
54,65,1
66,26,1
28,34,1
26,48,1
6,44,1
36,48,1
92,0,1
66,92,1
66,25,1
96,98,1
96,20,1
98,90,1
36,40,1
37,26,1
62,31,1
82,24,1
48,40,1
66,94,1
41,2,1
90,56,1
78,50,1
40,36,1
63,54,1
40,26,1
15,1,1
90,74,1
44,21,1
19,62,1
17,7,1
14,10,1
58,81,1
55,33,1
55,97,1
45,74,1
55,22,1
36,40,1
36,19,1
94,22,1
26,58,1
76,5,1
76,61,1
74,56,1
88,98,1
26,36,1
24,75,1
25,56,1
7,92,1
32,40,1
21,89,1
22,16,1
78,66,1
46,68,1
31,40,1
59,40,1
76,26,1
8,85,1
63,82,1
59,46,1
36,66,1
48,59,1
48,40,1
54,83,1
19,17,1
14,66,1
36,3,1
21,34,1
85,36,1
94,37,1
88,5,1
42,23,1
42,34,1
17,31,1
17,40,1
90,49,1
14,83,1
2,80,1
33,79,1
30,41,1
26,18,1
26,32,1
93,18,1
43,55,1
31,40,1
18,46,1
61,28,1
40,31,1
65,54,1
2,64,1
98,16,1
12,52,1
15,75,1
46,22,1
65,54,1
18,35,1
0,26,1
8,42,1
8,24,1
58,36,1
43,17,1
33,64,1
39,34,1
33,28,1
36,48,1
48,40,1
19,17,1
95,88,1
58,66,1
26,72,1
26,58,1
2,41,1
80,46,1
1,26,1
36,68,1
36,68,1
40,0,1
6,10,1
28,95,1
72,33,1
26,36,1
91,44,1
91,65,1
11,72,1
31,10,1
26,31,1
38,20,1
40,85,1
88,93,1
89,85,1
89,41,1
11,7,1
49,1,1
86,33,1
86,40,1
71,10,1
78,50,1
26,58,1
15,54,1
15,5,1
19,41,1
50,0,1
82,40,1
82,37,1
19,31,1
39,16,1
42,27,1
54,10,1
58,92,1
0,87,1
0,4,1
36,26,1
36,86,1
36,72,1
31,40,1
76,36,1
91,89,1
36,72,1
16,27,1
23,64,1
5,65,1
31,40,1
10,91,1
76,66,1
45,83,1
50,48,1
0,16,1
71,7,1
28,94,1
75,63,1
18,25,1
42,27,1
17,87,1
80,28,1
84,27,1
84,1,1
8,36,1
36,68,1
36,68,1
12,40,1
2,6,1
46,33,1
4,36,1
94,48,1
17,66,1
15,83,1
83,98,1
21,31,1
8,11,1
88,74,1
65,52,1
79,19,1
18,90,1
28,16,1
52,26,1
56,44,1
15,93,1
61,83,1
61,4,1
15,36,1
17,58,1
96,47,1
30,32,1
25,2,1
28,87,1
19,79,1
26,20,1
45,58,1
33,63,1
15,66,1
15,18,1
46,49,1
36,26,1
89,87,1
14,50,1
14,58,1
75,48,1
1,40,1
10,18,1
82,24,1
45,42,1
43,59,1
8,33,1
24,55,1
72,22,1
55,0,1
56,79,1
34,90,1
53,87,1
15,47,1
16,17,1
51,75,1
51,33,1
36,16,1
82,48,1
31,40,1
31,89,1
16,31,1
9,58,1
72,44,1
64,2,1
31,41,1
64,6,1
34,15,1
18,68,1
17,65,1
10,75,1
46,90,1
66,63,1
80,22,1
55,25,1
31,52,1
91,47,1
59,44,1
56,82,1
17,89,1
74,1,1
40,71,1
8,81,1
30,40,1
30,32,1
30,46,1
88,78,1
85,46,1
4,2,1
50,22,1
24,41,1
36,32,1
62,13,1
94,83,1
40,5,1
9,53,1
25,40,1
12,11,1
0,26,1
67,52,1
26,36,1
2,16,1
88,95,1
85,74,1
82,65,1
40,97,1
54,3,1
17,47,1
41,85,1
41,8,1
0,54,1
95,53,1
59,80,1
59,32,1
89,56,1
93,83,1
2,26,1
2,79,1
78,39,1
70,96,1
40,75,1
71,80,1
67,36,1
74,8,1
32,52,1
58,20,1
52,66,1
31,40,1
82,56,1
5,3,1
25,40,1
24,63,1
74,88,1
79,36,1
45,4,1
45,30,1
41,61,1
9,44,1
20,48,1
20,27,1
44,40,1
44,90,1
87,58,1
31,40,1
71,10,1
74,28,1
21,99,1
34,15,1
40,74,1
55,50,1
79,1,1
9,18,1
79,71,1
63,44,1
19,96,1
85,56,1
55,97,1
66,65,1
66,29,1
93,33,1
58,75,1
5,55,1
59,41,1
5,91,1
14,49,1
80,71,1
80,21,1
17,48,1
49,65,1
45,35,1
50,1,1
41,32,1
14,32,1
86,17,1
62,51,1
9,67,1
94,17,1
63,5,1
72,41,1
31,24,1
40,48,1
87,37,1
99,48,1
16,33,1
16,30,1
43,37,1
70,75,1
92,19,1
36,89,1
85,23,1
4,67,1
43,6,1
84,58,1
84,65,1
46,50,1
28,17,1
32,49,1
40,15,1
27,4,1
49,52,1
51,54,1
26,40,1
80,51,1
84,17,1
27,63,1
14,45,1
14,83,1
83,89,1
47,79,1
74,99,1
13,31,1
70,97,1
2,72,1
55,36,1
52,80,1
72,25,1
72,40,1
30,36,1
36,37,1
61,41,1
49,47,1
51,48,1
94,92,1
72,81,1
13,32,1
13,31,1
48,36,1
25,20,1
44,26,1
36,55,1
19,99,1
1,42,1
87,28,1
33,36,1
36,8,1
36,83,1
95,31,1
98,36,1
53,19,1
84,44,1
43,58,1
80,16,1
45,18,1
91,50,1
94,26,1
87,76,1
17,22,1
39,26,1
89,70,1
74,31,1
74,48,1
44,55,1
34,72,1
3,61,1
16,56,1
20,58,1
51,67,1
26,7,1
13,43,1
39,12,1
34,88,1
81,15,1
36,26,1
62,65,1
11,83,1
36,13,1
42,75,1
56,13,1
22,16,1
85,5,1
36,63,1
79,64,1
70,41,1
0,91,1
22,33,1
78,19,1
48,26,1
63,86,1
32,40,1
63,59,1
90,86,1
96,50,1
26,8,1
54,31,1
23,40,1
95,26,1
44,7,1
20,26,1
93,85,1
16,44,1
94,98,1
36,48,1
16,8,1
40,26,1
89,93,1
54,21,1
82,65,1
54,26,1
20,41,1
50,81,1
50,96,1
50,88,1
31,51,1
85,89,1
23,72,1
84,25,1
80,36,1
99,40,1
65,6,1
1,32,1
18,48,1
90,30,1
21,52,1
91,39,1
71,10,1
48,53,1
20,52,1
19,25,1
26,74,1
42,50,1
36,7,1
36,83,1
55,11,1
65,13,1
87,79,1
10,35,1
88,40,1
17,58,1
24,37,1
59,53,1
37,49,1
90,44,1
12,87,1
12,87,1
9,87,1
30,23,1
62,11,1
43,65,1
33,47,1
56,39,1
17,99,1
10,94,1
33,75,1
40,97,1
47,36,1
30,55,1
99,53,1
3,64,1
48,36,1
36,48,1
3,6,1
89,31,1
89,83,1
16,48,1
20,24,1
87,35,1
48,7,1
12,33,1
84,15,1
19,20,1
53,3,1
32,40,1
13,18,1
1,16,1
15,58,1
27,78,1
21,98,1
20,87,1
53,27,1
92,80,1
3,44,1
91,40,1
43,28,1
30,53,1
0,58,1
40,33,1
40,33,1
8,23,1
75,79,1
9,16,1
67,19,1
10,11,1
43,94,1
3,88,1
88,4,1
33,32,1
18,16,1
71,26,1
0,88,1
24,46,1
24,80,1
47,27,1
49,89,1
5,92,1
56,76,1
56,35,1
97,40,1
97,70,1
85,26,1
80,62,1
54,35,1
35,67,1
33,19,1
33,22,1
81,93,1
91,17,1
37,62,1
99,45,1
39,94,1
84,32,1
48,97,1
48,13,1
24,86,1
24,55,1
72,0,1
6,54,1
16,27,1
44,98,1
63,17,1
66,14,1
61,18,1
18,27,1
37,39,1
4,39,1
52,39,1
70,61,1
12,11,1
0,97,1
17,37,1
5,61,1
70,31,1
17,82,1
23,74,1
36,10,1
23,9,1
66,50,1
59,70,1
63,96,1
19,91,1
90,31,1
88,94,1
88,6,1
91,27,1
11,92,1
20,19,1
47,84,1
70,50,1
46,99,1
32,0,1
1,40,1
37,40,1
49,92,1
76,87,1
83,3,1
27,88,1
98,37,1
66,95,1
80,49,1
64,27,1
31,7,1
59,15,1
61,54,1
23,31,1
24,17,1
98,49,1
12,63,1
40,50,1
40,16,1
33,91,1
89,3,1
50,18,1
79,74,1
90,33,1
16,27,1
0,32,1
51,49,1
81,75,1
88,53,1
40,76,1
36,32,1
33,94,1
81,93,1
54,23,1
50,64,1
24,41,1
7,32,1
67,34,1
67,48,1
4,8,1
44,12,1
92,52,1
41,49,1
36,54,1
79,31,1
6,83,1
33,21,1
32,74,1
51,85,1
30,72,1
26,40,1
2,27,1
40,31,1
40,1,1
23,48,1
26,31,1
34,99,1
62,56,1
99,16,1
9,17,1
90,97,1
82,49,1
83,61,1
88,36,1
88,41,1
79,40,1
8,64,1
19,62,1
76,3,1
6,56,1
84,61,1
62,19,1
42,85,1
7,28,1
53,44,1
95,2,1
28,5,1
70,26,1
96,87,1
23,20,1
39,12,1
21,74,1
22,27,1
33,93,1
5,88,1
15,26,1
61,44,1
75,30,1
75,90,1
19,30,1
74,12,1
64,41,1
7,70,1
67,97,1
67,42,1
13,52,1
23,10,1
30,89,1
65,42,1
45,54,1
94,9,1
71,74,1
33,75,1
88,92,1
91,32,1
74,31,1
83,98,1
48,14,1
1,47,1
21,12,1
0,1,1
0,83,1
16,94,1
15,25,1
76,16,1
36,40,1
61,62,1
4,98,1
93,18,1
10,15,1
48,76,1
63,30,1
11,22,1
24,63,1
67,44,1
49,18,1
49,17,1
83,16,1
88,97,1
50,27,1
1,4,1
26,28,1
0,62,1
72,75,1
70,2,1
71,41,1
35,0,1
8,41,1
75,42,1
72,64,1
66,36,1
66,21,1
89,36,1
48,62,1
31,72,1
26,15,1
44,16,1
44,48,1
20,92,1
26,93,1
97,26,1
90,55,1
64,17,1
37,31,1
14,1,1
54,61,1
55,36,1
41,4,1
58,26,1
27,30,1
8,98,1
1,40,1
20,36,1
20,2,1
45,50,1
61,46,1
44,63,1
24,40,1
16,56,1
16,37,1
40,31,1
40,31,1
40,93,1
59,97,1
45,26,1
40,4,1
83,36,1
78,64,1
24,49,1
74,53,1
85,65,1
50,76,1
17,62,1
18,79,1
56,94,1
67,51,1
20,46,1
17,44,1
83,96,1
59,37,1
14,36,1
75,49,1
75,96,1
70,67,1
93,9,1
71,13,1
8,44,1
7,70,1
27,45,1
17,33,1
42,18,1
21,23,1
64,38,1
24,76,1
62,54,1
37,0,1
1,49,1
14,4,1
52,1,1
88,0,1
17,1,1
28,59,1
33,3,1
48,99,1
70,62,1
8,84,1
62,19,1
13,96,1
98,47,1
98,31,1
35,12,1
37,40,1
89,32,1
1,81,1
85,17,1
40,53,1
40,45,1
31,78,1
34,44,1
27,47,1
79,95,1
95,26,1
78,8,1
78,13,1
85,31,1
70,18,1
92,2,1
0,65,1
32,4,1
16,90,1
48,76,1
17,76,1
49,80,1
34,75,1
64,46,1
67,61,1
20,0,1
84,19,1
83,32,1
16,26,1
40,11,1
34,42,1
18,85,1
36,64,1
36,96,1
35,99,1
31,82,1
45,4,1
50,21,1
26,86,1
78,24,1
71,32,1
20,74,1
31,40,1
88,1,1
61,66,1
79,75,1
89,75,1
35,40,1
31,27,1
10,95,1
36,96,1
42,39,1
26,6,1
11,56,1
86,40,1
15,58,1
2,76,1
72,64,1
44,48,1
44,61,1
91,81,1
18,24,1
82,19,1
23,33,1
93,47,1
79,62,1
59,79,1
86,7,1
94,31,1
65,14,1
32,33,1
5,48,1
0,28,1
96,11,1
96,74,1
48,44,1
7,71,1
30,40,1
34,36,1
34,22,1
81,11,1
93,36,1
48,61,1
75,99,1
66,49,1
48,91,1
44,95,1
44,27,1
64,62,1
86,7,1
94,13,1
39,92,1
10,36,1
55,27,1
13,47,1
75,3,1
15,39,1
80,78,1
58,13,1
50,7,1
11,8,1
13,8,1
82,40,1
13,76,1
19,72,1
34,28,1
31,30,1
30,85,1
87,24,1
56,72,1
40,21,1
97,50,1
72,65,1
40,58,1
48,36,1
67,70,1
48,94,1
11,40,1
31,23,1
40,48,1
63,31,1
48,64,1
75,35,1
2,95,1
94,15,1
25,76,1
49,17,1
80,42,1
59,40,1
91,80,1
80,24,1
11,1,1
54,70,1
53,40,1
53,25,1
64,47,1
17,74,1
17,41,1
82,41,1
94,51,1
41,6,1
75,64,1
28,62,1
40,71,1
40,26,1
40,4,1
16,31,1
55,89,1
37,65,1
88,70,1
76,35,1
49,46,1
20,98,1
19,58,1
33,32,1
41,99,1
22,15,1
88,19,1
49,72,1
48,70,1
94,28,1
54,47,1
91,31,1
13,84,1
86,35,1
58,98,1
76,78,1
78,40,1
31,72,1
25,53,1
46,31,1
70,56,1
14,20,1
15,55,1
72,97,1
83,0,1
8,32,1
79,9,1
67,3,1
34,31,1
7,1,1
48,82,1
74,48,1
88,4,1
3,40,1
7,0,1
17,21,1
58,48,1
63,26,1
26,31,1
93,81,1
97,31,1
48,1,1
9,41,1
48,90,1
40,12,1
72,3,1
62,20,1
5,25,1
45,42,1
62,53,1
8,74,1
50,43,1
48,20,1
71,92,1
48,95,1
23,99,1
61,37,1
98,48,1
21,31,1
1,41,1
67,53,1
39,84,1
36,40,1
36,31,1
88,40,1
33,26,1
36,68,1
70,26,1
82,43,1
97,19,1
36,10,1
17,19,1
54,83,1
54,48,1
40,26,1
9,49,1
25,65,1
25,17,1
70,84,1
35,2,1
49,55,1
66,97,1
75,87,1
76,40,1
76,0,1
18,71,1
86,55,1
66,39,1
24,97,1
65,26,1
63,2,1
91,52,1
44,31,1
28,84,1
53,91,1
62,3,1
51,92,1
98,0,1
98,52,1
48,80,1
87,25,1
21,10,1
35,40,1
49,44,1
49,12,1
85,30,1
66,25,1
44,31,1
44,26,1
97,1,1
52,56,1
79,7,1
79,86,1
93,39,1
10,30,1
15,36,1
58,56,1
19,28,1
56,16,1
2,36,1
71,78,1
44,96,1
44,40,1
36,61,1
36,68,1
36,68,1
15,40,1
26,36,1
93,44,1
20,5,1
76,51,1
72,26,1
16,4,1
48,54,1
95,36,1
71,22,1
26,83,1
27,71,1
88,6,1
42,46,1
88,28,1
58,27,1
28,76,1
90,75,1
23,82,1
74,56,1
98,49,1
21,43,1
17,64,1
93,67,1
25,26,1
65,21,1
53,58,1
11,94,1
41,58,1
7,6,1
50,7,1
41,62,1
45,36,1
21,56,1
91,26,1
1,40,1
1,22,1
15,74,1
90,80,1
19,48,1
19,82,1
30,47,1
83,97,1
28,26,1
40,37,1
50,93,1
16,37,1
86,94,1
24,61,1
19,90,1
6,59,1
92,51,1
36,31,1
14,97,1
97,86,1
26,48,1
64,58,1
50,2,1
99,58,1
20,15,1
42,55,1
50,78,1
18,42,1
33,54,1
8,23,1
36,68,1
36,68,1
61,78,1
36,75,1
59,94,1
52,3,1
53,34,1
87,36,1
40,65,1
25,74,1
24,94,1
79,65,1
21,19,1
95,68,1
7,92,1
8,92,1
20,30,1
18,48,1
22,48,1
82,7,1
6,40,1
20,4,1
95,12,1
26,31,1
23,50,1
61,78,1
74,59,1
48,40,1
78,6,1
78,58,1
76,14,1
61,11,1
39,28,1
72,22,1
15,70,1
41,87,1
49,58,1
75,95,1
12,19,1
12,7,1
49,41,1
49,99,1
25,47,1
27,31,1
27,67,1
91,6,1
87,48,1
80,18,1
48,31,1
54,47,1
54,84,1
64,21,1
87,55,1
93,40,1
64,55,1
12,35,1
65,88,1
91,27,1
37,12,1
45,62,1
33,11,1
78,48,1
3,10,1
7,31,1
46,35,1
65,87,1
20,22,1
67,87,1
36,48,1
49,88,1
92,97,1
67,35,1
79,5,1
25,83,1
61,49,1
8,40,1
0,67,1
85,53,1
41,81,1
56,7,1
56,22,1
13,49,1
78,89,1
78,28,1
48,9,1
82,53,1
12,9,1
2,26,1
15,34,1
72,40,1
38,13,1
21,65,1
66,48,1
71,23,1
12,48,1
43,31,1
88,5,1
71,3,1
66,65,1
63,48,1
31,24,1
63,50,1
16,85,1
37,74,1
31,40,1
41,93,1
36,15,1
62,58,1
35,87,1
18,30,1
85,34,1
67,36,1
20,61,1
36,10,1
44,28,1
86,67,1
1,50,1
8,41,1
6,23,1
28,7,1
53,76,1
99,42,1
79,23,1
30,7,1
4,36,1
34,31,1
37,41,1
42,8,1
48,14,1
58,18,1
67,28,1
35,20,1
98,33,1
56,16,1
37,11,1
2,39,1
93,21,1
67,41,1
44,98,1
5,66,1
76,79,1
4,70,1
23,89,1
14,96,1
44,28,1
78,7,1
45,93,1
51,89,1
34,92,1
47,70,1
74,50,1
14,50,1
2,17,1
74,15,1
74,43,1
95,9,1
21,48,1
78,74,1
80,89,1
97,71,1
15,41,1
15,67,1
80,98,1
58,78,1
25,92,1
67,21,1
37,21,1
34,95,1
39,8,1
67,42,1
67,62,1
40,30,1
39,32,1
95,75,1
66,10,1
40,65,1
62,34,1
82,41,1
46,58,1
30,13,1
32,51,1
32,17,1
33,25,1
33,71,1
65,16,1
28,71,1
17,86,1
87,82,1
31,86,1
91,66,1
28,44,1
83,88,1
10,51,1
44,72,1
85,17,1
54,92,1
46,30,1
37,86,1
28,0,1
93,16,1
17,45,1
11,66,1
12,33,1
12,52,1
37,45,1
27,40,1
20,12,1
42,12,1
21,8,1
41,43,1
3,86,1
62,55,1
74,10,1
40,31,1
28,86,1
35,66,1
8,91,1
95,1,1
24,55,1
88,30,1
92,43,1
92,2,1
92,27,1
95,91,1
95,87,1
37,31,1
28,95,1
50,98,1
48,43,1
94,84,1
2,22,1
55,92,1
85,26,1
86,33,1
83,76,1
35,31,1
61,48,1
61,21,1
79,20,1
33,18,1
56,50,1
11,56,1
15,4,1
12,61,1
12,92,1
74,56,1
45,53,1
44,70,1
34,58,1
65,78,1
18,80,1
84,47,1
31,40,1
3,75,1
18,64,1
39,55,1
20,62,1
18,60,1
50,15,1
47,33,1
1,48,1
27,13,1
95,31,1
31,26,1
27,1,1
3,30,1
71,23,1
98,72,1
56,67,1
21,98,1
45,59,1
72,89,1
93,16,1
51,84,1
42,71,1
31,40,1
99,14,1
25,16,1
82,0,1
27,19,1
70,32,1
67,15,1
46,59,1
76,75,1
96,63,1
63,75,1
40,26,1
49,83,1
25,97,1
1,72,1
40,58,1
65,36,1
78,66,1
49,85,1
46,43,1
92,7,1
48,95,1
74,32,1
74,35,1
53,19,1
82,49,1
79,36,1
42,53,1
37,74,1
42,34,1
79,44,1
71,46,1
70,61,1
94,19,1
26,91,1
46,36,1
64,23,1
14,23,1
50,84,1
8,20,1
88,8,1
30,8,1
51,99,1
5,84,1
88,90,1
89,84,1
44,96,1
63,47,1
22,30,1
33,19,1
33,64,1
64,20,1
75,32,1
84,3,1
22,70,1
61,44,1
61,18,1
26,79,1
50,83,1
36,68,1
36,68,1
36,68,1
53,95,1
13,23,1
37,20,1
44,92,1
67,47,1
56,51,1
56,64,1
85,27,1
76,16,1
17,3,1
17,40,1
96,7,1
42,3,1
53,23,1
15,52,1
75,94,1
98,33,1
98,34,1
28,33,1
78,41,1
28,20,1
86,90,1
28,4,1
23,81,1
43,65,1
79,71,1
72,22,1
45,2,1
89,53,1
71,47,1
23,75,1
89,8,1
58,87,1
54,91,1
99,92,1
66,93,1
70,32,1
71,54,1
25,36,1
89,18,1
74,30,1
80,74,1
42,90,1
78,94,1
80,33,1
15,56,1
43,18,1
0,74,1
72,0,1
53,40,1
93,81,1
91,53,1
89,52,1
95,27,1
67,86,1
37,43,1
11,42,1
70,66,1
74,9,1
89,19,1
56,2,1
76,14,1
46,51,1
93,15,1
50,97,1
44,76,1
25,94,1
25,3,1
61,95,1
25,46,1
26,76,1
13,53,1
93,3,1
41,7,1
41,19,1
39,37,1
62,17,1
63,26,1
12,85,1
33,63,1
28,51,1
76,66,1
55,75,1
55,91,1
2,23,1
0,9,1
71,56,1
71,22,1
10,3,1
27,88,1
5,84,1
8,52,1
76,6,1
44,85,1
78,61,1
33,1,1
33,23,1
63,85,1
36,98,1
7,94,1
7,78,1
45,93,1
55,88,1
85,46,1
97,41,1
2,60,1
70,82,1
16,76,1
89,45,1
45,30,1
16,13,1
0,30,1
21,20,1
81,14,1
39,33,1
9,62,1
9,79,1
49,10,1
9,91,1
39,37,1
39,21,1
22,74,1
55,25,1
34,97,1
27,82,1
24,87,1
92,93,1
65,78,1
93,72,1
39,92,1
53,14,1
22,82,1
91,5,1
91,97,1
96,4,1
96,63,1
8,6,1
51,50,1
12,82,1
83,85,1
27,96,1
88,44,1
33,7,1
66,35,1
25,10,1
89,13,1
90,7,1
47,91,1
6,11,1
58,55,1
87,14,1
61,74,1
45,0,1
23,48,1
44,88,1
90,9,1
3,64,1
70,47,1
45,63,1
37,16,1
59,16,1
48,51,1
6,8,1
56,90,1
46,94,1
46,76,1
33,6,1
71,80,1
37,14,1
13,61,1
25,10,1
34,55,1
74,12,1
44,34,1
70,67,1
46,83,1
54,99,1
54,86,1
10,20,1
50,70,1
64,52,1
64,92,1
59,4,1
42,45,1
66,54,1
86,44,1
88,74,1
25,35,1
22,72,1
20,14,1
87,54,1
92,87,1
7,20,1
7,92,1
13,32,1
0,19,1
42,30,1
36,0,1
48,26,1
6,23,1
97,83,1
58,19,1
99,47,1
74,97,1
75,50,1
45,91,1
79,95,1
49,75,1
61,90,1
2,61,1
91,65,1
78,32,1
0,44,1
49,42,1
98,59,1
14,88,1
42,33,1
70,52,1
0,51,1
0,55,1
91,39,1
87,25,1
84,96,1
28,15,1
80,90,1
63,30,1
65,32,1
0,97,1
82,45,1
44,50,1
72,89,1
18,88,1
46,22,1
81,49,1
42,68,1
13,74,1
6,75,1
58,34,1
35,19,1
35,37,1
9,18,1
10,35,1
33,11,1
16,76,1
45,30,1
24,8,1
12,80,1
35,12,1
22,17,1
96,61,1
24,23,1
24,37,1
80,32,1
18,7,1
17,30,1
7,49,1
97,4,1
13,19,1
18,88,1
54,65,1
5,83,1
33,74,1
33,18,1
87,44,1
85,56,1
44,19,1
21,61,1
25,85,1
81,39,1
87,61,1
15,74,1
15,22,1
84,64,1
61,22,1
44,81,1
37,64,1
78,2,1
35,53,1
70,50,1
98,19,1
71,64,1
37,34,1
2,10,1
2,33,1
33,86,1
80,90,1
52,3,1
36,31,1
84,3,1
65,41,1
92,24,1
54,1,1
9,75,1
83,65,1
80,32,1
26,37,1
13,61,1
3,59,1
61,88,1
3,44,1
22,80,1
24,94,1
13,20,1
20,13,1
44,92,1
65,19,1
83,42,1
93,23,1
51,56,1
98,55,1
41,17,1
78,38,1
78,64,1
79,85,1
44,7,1
34,50,1
62,96,1
67,83,1
4,62,1
18,81,1
9,30,1
80,81,1
74,67,1
32,27,1
98,89,1
61,91,1
41,43,1
41,58,1
93,59,1
99,92,1
54,18,1
54,64,1
54,98,1
59,49,1
41,24,1
25,74,1
55,98,1
59,61,1
12,24,1
63,9,1
8,32,1
86,27,1
85,37,1
72,98,1
5,80,1
7,28,1
94,11,1
42,91,1
30,97,1
45,87,1
35,15,1
32,41,1
39,16,1
96,74,1
75,14,1
16,65,1
19,82,1
86,11,1
23,70,1
40,48,1
63,2,1
6,71,1
10,67,1
46,9,1
86,65,1
25,8,1
2,9,1
80,87,1
3,59,1
84,10,1
28,45,1
70,74,1
87,79,1
44,14,1
33,51,1
39,27,1
82,44,1
14,41,1
25,90,1
95,37,1
64,78,1
31,48,1
55,35,1
42,44,1
66,55,1
8,51,1
99,72,1
45,33,1
34,55,1
93,87,1
79,54,1
39,91,1
61,75,1
85,28,1
56,8,1
2,50,1
81,7,1
49,7,1
84,65,1
76,72,1
46,24,1
51,67,1
92,14,1
10,6,1
52,10,1
95,11,1
47,52,1
98,87,1
83,91,1
61,8,1
23,37,1
88,30,1
88,59,1
33,4,1
74,44,1
24,18,1
76,31,1
2,49,1
23,97,1
23,97,1
1,4,1
7,54,1
7,32,1
78,92,1
31,40,1
95,68,1
88,90,1
89,65,1
10,75,1
23,20,1
41,2,1
96,59,1
36,68,1
36,68,1
82,28,1
41,78,1
44,6,1
90,71,1
75,71,1
96,61,1
27,82,1
8,16,1
12,75,1
75,21,1
9,44,1
41,47,1
41,4,1
44,97,1
20,97,1
99,14,1
85,99,1
6,7,1
5,65,1
24,95,1
83,82,1
44,27,1
85,6,1
91,58,1
55,53,1
49,70,1
2,61,1
81,71,1
44,66,1
87,18,1
19,65,1
82,46,1
65,33,1
92,52,1
44,59,1
44,1,1
70,74,1
50,87,1
88,4,1
86,0,1
71,47,1
23,74,1
37,55,1
80,64,1
4,71,1
11,93,1
61,96,1
5,71,1
20,80,1
67,51,1
37,56,1
67,35,1
17,49,1
95,21,1
97,17,1
59,7,1
1,44,1
58,79,1
67,28,1
10,4,1
11,2,1
39,74,1
17,20,1
74,30,1
84,96,1
70,83,1
24,6,1
70,54,1
46,75,1
7,89,1
41,14,1
52,89,1
46,2,1
85,70,1
43,46,1
56,19,1
63,1,1
38,11,1
25,62,1
99,66,1
75,20,1
82,95,1
75,46,1
98,24,1
83,19,1
89,97,1
16,65,1
20,1,1
96,5,1
84,76,1
84,16,1
10,27,1
32,99,1
81,0,1
89,41,1
53,24,1
92,79,1
84,89,1
45,14,1
96,94,1
97,84,1
45,58,1
58,86,1
94,34,1
53,79,1
91,75,1
78,23,1
94,13,1
74,25,1
7,64,1
21,55,1
0,99,1
50,61,1
12,75,1
92,17,1
80,14,1
3,71,1
58,85,1
79,22,1
75,41,1
58,89,1
65,34,1
56,17,1
62,52,1
50,17,1
82,33,1
16,84,1
19,16,1
15,34,1
30,22,1
39,70,1
61,63,1
96,56,1
62,17,1
93,27,1
21,79,1
75,83,1
70,6,1
85,14,1
58,17,1
83,12,1
52,14,1
19,59,1
19,87,1
71,80,1
84,12,1
49,55,1
81,17,1
49,23,1
61,91,1
42,34,1
95,46,1
4,92,1
19,37,1
34,93,1
34,52,1
75,10,1
89,49,1
94,70,1
59,90,1
41,72,1
67,4,1
4,33,1
93,11,1
8,92,1
56,43,1
24,30,1
54,25,1
35,7,1
54,87,1
35,37,1
5,76,1
43,44,1
98,65,1
36,31,1
34,0,1
75,62,1
25,2,1
0,53,1
78,16,1
85,28,1
52,45,1
3,19,1
27,86,1
22,61,1
36,68,1
36,68,1
36,68,1
36,68,1
36,68,1
83,23,1
20,32,1
22,64,1
85,75,1
28,22,1
6,98,1
55,39,1
39,87,1
8,55,1
8,91,1
51,19,1
41,11,1
41,14,1
22,1,1
70,63,1
11,9,1
65,20,1
34,74,1
95,11,1
95,44,1
37,43,1
71,82,1
23,64,1
82,64,1
99,20,1
61,51,1
9,42,1
9,11,1
17,50,1
58,15,1
65,84,1
97,39,1
44,10,1
44,94,1
33,83,1
30,80,1
61,82,1
58,52,1
16,54,1
30,92,1
99,94,1
90,96,1
22,67,1
50,45,1
62,3,1
82,24,1
78,83,1
76,98,1
76,91,1
43,50,1
91,24,1
93,21,1
96,25,1
6,42,1
64,89,1
30,91,1
61,92,1
83,23,1
32,64,1
55,88,1
87,53,1
34,43,1
42,91,1
49,20,1
17,16,1
19,30,1
6,37,1
6,50,1
93,15,1
93,99,1
53,93,1
82,71,1
65,50,1
11,10,1
23,51,1
23,64,1
61,44,1
87,10,1
55,79,1
79,0,1
37,20,1
6,12,1
9,76,1
50,65,1
50,54,1
22,27,1
28,97,1
63,91,1
63,75,1
47,32,1
45,38,1
12,27,1
30,16,1
30,0,1
37,4,1
15,59,1
15,1,1
33,4,1
62,44,1
28,53,1
55,54,1
3,14,1
35,33,1
34,80,1
33,0,1
0,4,1
13,99,1
47,32,1
24,7,1
94,51,1
39,78,1
95,32,1
90,32,1
71,3,1
44,41,1
52,43,1
0,95,1
36,68,1
36,68,1
33,35,1
70,6,1
36,78,1
10,30,1
75,76,1
62,49,1
74,15,1
82,4,1
20,11,1
98,20,1
82,24,1
18,33,1
15,35,1
99,35,1
20,65,1
81,23,1
27,17,1
44,61,1
44,80,1
6,23,1
89,86,1
76,84,1
45,20,1
32,18,1
47,99,1
4,75,1
15,89,1
52,12,1
52,18,1
7,34,1
32,82,1
46,6,1
82,70,1
24,76,1
32,58,1
99,49,1
63,86,1
63,45,1
81,13,1
97,59,1
35,33,1
28,33,1
92,5,1
8,82,1
79,62,1
54,99,1
54,11,1
36,52,1
25,49,1
21,55,1
41,84,1
5,56,1
87,93,1
55,39,1
55,33,1
41,35,1
53,98,1
30,66,1
62,74,1
66,41,1
13,52,1
17,1,1
8,56,1
47,85,1
11,26,1
18,99,1
9,99,1
28,34,1
65,94,1
22,67,1
61,34,1
92,20,1
62,18,1
49,74,1
21,5,1
82,59,1
43,51,1
22,97,1
95,75,1
91,49,1
70,24,1
80,74,1
59,96,1
59,99,1
59,21,1
63,81,1
99,0,1
52,70,1
94,14,1
99,63,1
36,31,1
7,74,1
17,71,1
7,44,1
2,72,1
42,30,1
44,32,1
19,84,1
76,80,1
97,10,1
37,17,1
10,25,1
4,96,1
66,43,1
23,8,1
11,4,1
2,71,1
43,56,1
83,61,1
70,53,1
79,55,1
42,62,1
99,59,1
20,51,1
37,34,1
16,41,1
96,86,1
91,59,1
89,67,1
63,1,1
4,94,1
93,92,1
80,10,1
56,60,1
42,75,1
37,89,1
53,18,1
53,15,1
80,10,1
65,52,1
5,8,1
70,49,1
98,79,1
66,80,1
63,9,1
83,18,1
24,13,1
87,83,1
20,12,1
2,53,1
97,9,1
53,9,1
46,14,1
43,89,1
12,11,1
88,92,1
24,58,1
24,17,1
35,28,1
58,43,1
14,54,1
32,56,1
70,72,1
79,33,1
59,93,1
51,33,1
72,67,1
40,31,1
56,41,1
56,91,1
8,1,1
8,17,1
34,52,1
7,92,1
82,90,1
85,92,1
90,33,1
61,41,1
93,2,1
22,42,1
1,51,1
85,15,1
23,14,1
3,22,1
2,74,1
16,21,1
93,83,1
93,86,1
97,72,1
15,76,1
21,70,1
22,89,1
17,80,1
38,43,1
63,79,1
27,37,1
16,71,1
33,46,1
53,72,1
41,90,1
15,23,1
8,32,1
3,75,1
27,90,1
76,22,1
24,23,1
64,88,1
42,99,1
66,0,1
89,47,1
99,19,1
10,86,1
33,25,1
21,12,1
95,65,1
31,50,1
18,0,1
36,68,1
36,68,1
7,6,1
25,43,1
51,17,1
30,3,1
66,75,1
36,68,1
70,72,1
8,66,1
64,71,1
70,90,1
99,4,1
33,84,1
59,91,1
30,11,1
92,51,1
92,51,1
52,80,1
62,58,1
6,11,1
47,33,1
51,34,1
61,75,1
78,41,1
84,19,1
37,55,1
7,62,1
63,45,1
88,19,1
87,6,1
78,62,1
93,88,1
93,82,1
94,74,1
80,63,1
93,46,1
86,63,1
34,44,1
25,96,1
8,52,1
0,37,1
3,76,1
95,4,1
1,19,1
86,15,1
15,35,1
79,32,1
16,41,1
45,39,1
8,49,1
51,95,1
90,13,1
55,6,1
65,76,1
3,6,1
4,87,1
27,42,1
96,84,1
20,51,1
50,45,1
90,79,1
45,75,1
56,27,1
9,83,1
36,68,1
78,80,1
0,39,1
52,15,1
55,21,1
25,83,1
59,3,1
30,13,1
3,37,1
55,87,1
44,93,1
84,28,1
72,47,1
21,46,1
15,35,1
91,68,1
59,75,1
59,25,1
37,19,1
8,23,1
95,33,1
92,49,1
52,67,1
94,54,1
86,39,1
93,8,1
54,45,1
39,65,1
92,0,1
44,67,1
66,33,1
83,80,1
12,41,1
12,37,1
58,24,1
49,97,1
43,90,1
9,10,1
78,53,1
25,45,1
97,19,1
72,11,1
11,70,1
54,19,1
53,20,1
56,72,1
47,42,1
16,13,1
91,59,1
32,27,1
19,1,1
20,93,1
38,68,1
30,52,1
19,53,1
55,76,1
51,71,1
66,20,1
86,62,1
36,68,1
36,68,1
36,68,1
36,31,1
22,97,1
46,42,1
45,83,1
30,59,1
30,38,1
80,22,1
32,28,1
36,68,1
44,50,1
78,95,1
19,18,1
49,71,1
84,1,1
84,50,1
19,42,1
78,0,1
83,49,1
11,71,1
79,71,1
74,10,1
74,35,1
61,47,1
53,38,1
34,98,1
0,13,1
82,32,1
27,96,1
43,87,1
82,84,1
37,83,1
46,20,1
47,4,1
47,33,1
19,41,1
58,39,1
55,61,1
70,41,1
62,39,1
38,66,1
70,65,1
76,80,1
48,36,1
97,76,1
45,92,1
15,63,1
31,26,1
96,88,1
96,43,1
63,45,1
16,7,1
13,44,1
74,27,1
89,51,1
85,37,1
85,37,1
38,80,1
17,93,1
94,56,1
41,61,1
41,86,1
37,18,1
30,43,1
66,47,1
6,24,1
20,0,1
24,89,1
75,32,1
8,38,1
32,70,1
78,33,1
70,37,1
94,99,1
94,28,1
75,11,1
42,89,1
82,99,1
9,97,1
55,65,1
78,3,1
99,5,1
10,19,1
92,87,1
8,50,1
49,5,1
34,90,1
19,3,1
32,15,1
72,70,1
7,9,1
37,61,1
58,99,1
51,10,1
0,21,1
38,16,1
98,38,1
66,92,1
62,27,1
41,30,1
58,4,1
41,90,1
89,65,1
50,21,1
91,6,1
23,89,1
23,18,1
53,23,1
43,64,1
79,25,1
62,3,1
62,38,1
64,38,1
55,74,1
33,17,1
85,34,1
39,0,1
39,36,1
30,5,1
38,93,1
58,82,1
84,38,1
74,20,1
41,85,1
39,4,1
43,22,1
67,74,1
67,14,1
59,17,1
36,68,1
36,68,1
36,68,1
36,68,1
7,52,1
23,87,1
64,43,1
93,65,1
40,31,1
19,92,1
19,97,1
97,76,1
47,96,1
17,13,1
81,33,1
81,38,1
44,3,1
84,53,1
0,13,1
1,59,1
21,38,1
12,9,1
0,16,1
0,82,1
85,62,1
27,14,1
12,61,1
61,81,1
71,95,1
71,97,1
61,47,1
66,75,1
65,51,1
38,89,1
52,21,1
17,51,1
17,5,1
88,55,1
65,14,1
11,66,1
76,17,1
76,20,1
35,49,1
91,36,1
83,69,1
54,63,1
53,87,1
53,18,1
20,82,1
11,82,1
33,51,1
33,62,1
78,82,1
53,87,1
85,79,1
81,88,1
1,65,1
65,93,1
17,86,1
32,52,1
81,3,1
96,84,1
39,97,1
46,95,1
41,35,1
38,32,1
36,68,1
36,68,1
36,68,1
82,44,1
71,41,1
85,64,1
28,78,1
27,58,1
46,37,1
36,68,1
36,68,1
42,78,1
13,76,1
24,12,1
37,5,1
71,32,1
72,37,1
83,9,1
83,51,1
22,7,1
38,2,1
38,49,1
65,98,1
50,21,1
58,84,1
87,88,1
6,33,1
0,11,1
49,67,1
90,92,1
87,93,1
75,61,1
97,91,1
89,33,1
80,88,1
49,82,1
90,85,1
14,97,1
38,8,1
88,89,1
97,49,1
63,32,1
38,49,1
39,65,1
88,4,1
44,34,1
75,71,1
0,51,1
42,33,1
33,78,1
85,43,1
34,5,1
34,80,1
16,71,1
65,64,1
65,16,1
65,2,1
65,28,1
71,86,1
62,34,1
23,45,1
55,13,1
64,61,1
61,97,1
74,39,1
76,27,1
42,86,1
80,10,1
26,40,1
96,65,1
3,94,1
81,94,1
20,23,1
17,93,1
17,53,1
10,3,1
84,32,1
37,3,1
41,95,1
56,38,1
16,30,1
90,82,1
94,0,1
95,41,1
86,71,1
90,91,1
61,38,1
56,88,1
52,76,1
35,43,1
94,13,1
94,32,1
64,10,1
64,56,1
6,34,1
23,35,1
3,43,1
72,5,1
72,83,1
84,93,1
3,70,1
93,75,1
12,41,1
85,78,1
65,0,1
53,20,1
39,27,1
39,7,1
44,23,1
88,8,1
96,63,1
59,1,1
87,8,1
30,22,1
63,20,1
85,17,1
82,70,1
13,8,1
33,88,1
33,85,1
27,64,1
42,22,1
97,49,1
21,6,1
82,38,1
33,56,1
58,39,1
19,33,1
17,6,1
4,33,1
82,35,1
34,6,1
84,38,1
95,11,1
43,98,1
43,34,1
5,82,1
96,90,1
63,19,1
8,28,1
90,98,1
20,88,1
74,34,1
49,38,1
12,72,1
90,52,1
81,46,1
20,85,1
71,47,1
51,46,1
56,67,1
59,97,1
94,95,1
36,68,1
36,68,1
36,68,1
25,10,1
8,96,1
71,89,1
65,96,1
65,38,1
11,32,1
15,93,1
15,34,1
3,97,1
3,37,1
20,53,1
45,9,1
1,85,1
38,39,1
64,93,1
63,28,1
88,94,1
11,98,1
25,7,1
62,19,1
58,67,1
86,61,1
36,48,1
41,38,1
2,38,1
0,97,1
61,95,1
38,86,1
42,25,1
22,49,1
84,67,1
0,84,1
51,88,1
49,32,1
54,55,1
88,34,1
38,34,1
63,32,1
38,20,1
12,54,1
15,39,1
44,37,1
64,97,1
93,41,1
27,87,1
23,12,1
14,9,1
23,47,1
18,2,1
63,75,1
84,38,1
7,44,1
98,17,1
63,79,1
20,65,1
49,38,1
38,89,1
71,42,1
33,80,1
42,10,1
6,8,1
85,97,1
32,75,1
65,88,1
75,0,1
4,50,1
84,24,1
84,44,1
19,62,1
36,40,1
71,93,1
93,28,1
27,80,1
55,24,1
58,75,1
38,99,1
38,80,1
38,62,1
38,16,1
75,24,1
85,93,1
93,15,1
81,10,1
87,86,1
36,68,1
36,68,1
36,68,1
36,68,1
12,99,1
38,20,1
49,30,1
44,88,1
39,26,1
15,22,1
72,81,1
38,64,1
41,19,1
34,13,1
85,38,1
13,64,1
17,41,1
33,35,1
90,95,1
96,28,1
6,43,1
51,98,1
54,71,1
86,41,1
82,47,1
52,42,1
81,16,1
21,63,1
47,56,1
47,50,1
43,2,1
46,21,1
14,83,1
23,65,1
38,58,1
39,51,1
65,53,1
98,47,1
75,33,1
75,61,1
75,58,1
10,94,1
86,7,1
38,64,1
75,52,1
80,94,1
80,62,1
38,8,1
33,86,1
12,17,1
4,15,1
20,46,1
55,43,1
92,49,1
7,63,1
46,13,1
51,96,1
28,59,1
52,90,1
63,62,1
41,58,1
41,33,1
10,92,1
85,3,1
94,62,1
28,0,1
82,24,1
63,99,1
6,27,1
6,80,1
58,21,1
13,6,1
36,68,1
36,68,1
36,68,1
84,21,1
26,36,1
62,94,1
5,53,1
34,71,1
62,21,1
37,99,1
55,21,1
55,52,1
18,41,1
95,56,1
33,66,1
32,99,1
51,0,1
3,52,1
95,42,1
78,53,1
15,98,1
90,95,1
86,47,1
17,0,1
98,15,1
61,6,1
96,50,1
1,87,1
75,61,1
99,58,1
25,90,1
38,16,1
82,64,1
82,18,1
93,30,1
20,90,1
14,90,1
71,58,1
96,53,1
41,3,1
22,55,1
71,38,1
71,91,1
0,61,1
31,32,1
32,82,1
89,74,1
89,63,1
18,33,1
54,44,1
85,81,1
85,91,1
22,61,1
83,43,1
83,67,1
58,21,1
89,8,1
51,87,1
89,75,1
94,6,1
92,42,1
70,17,1
70,66,1
84,37,1
96,23,1
9,93,1
66,44,1
34,44,1
72,35,1
66,44,1
88,63,1
94,62,1
11,20,1
81,85,1
44,97,1
33,20,1
55,38,1
30,96,1
16,52,1
16,61,1
30,87,1
47,41,1
25,56,1
67,49,1
58,32,1
9,74,1
6,42,1
38,52,1
38,49,1
38,2,1
46,50,1
63,46,1
30,93,1
67,30,1
67,37,1
82,74,1
25,76,1
63,76,1
94,39,1
20,89,1
32,65,1
28,61,1
97,96,1
75,76,1
79,61,1
6,4,1
93,30,1
17,31,1
14,89,1
42,86,1
48,93,1
21,44,1
74,8,1
98,76,1
40,31,1
43,30,1
51,20,1
35,10,1
63,20,1
42,30,1
79,90,1
62,0,1
24,84,1
61,66,1
53,87,1
8,73,1
58,56,1
58,90,1
16,98,1
44,51,1
78,16,1
21,90,1
21,3,1
23,93,1
38,51,1
63,66,1
30,81,1
46,41,1
56,51,1
22,38,1
98,76,1
12,23,1
89,47,1
39,59,1
92,19,1
28,78,1
67,62,1
71,16,1
89,42,1
38,85,1
20,46,1
20,32,1
43,17,1
19,53,1
59,6,1
41,7,1
11,59,1
15,86,1
24,49,1
90,97,1
42,91,1
65,88,1
84,32,1
79,20,1
53,32,1
98,67,1
44,7,1
83,91,1
58,3,1
63,27,1
35,96,1
28,21,1
86,7,1
87,82,1
49,71,1
52,75,1
33,86,1
22,94,1
55,24,1
56,0,1
74,23,1
66,3,1
3,30,1
92,96,1
32,89,1
61,2,1
63,79,1
18,55,1
21,53,1
65,56,1
80,30,1
9,59,1
56,49,1
19,85,1
13,42,1
62,32,1
59,55,1
80,47,1
10,4,1
38,18,1
38,71,1
38,94,1
55,89,1
78,63,1
47,92,1
81,30,1
79,1,1
39,1,1
43,49,1
61,11,1
93,15,1
76,79,1
41,56,1
78,82,1
67,45,1
8,65,1
12,10,1
64,93,1
41,12,1
96,99,1
23,68,1
91,34,1
91,17,1
97,72,1
97,95,1
46,85,1
46,38,1
25,61,1
65,78,1
33,54,1
35,21,1
52,53,1
21,49,1
70,3,1
80,21,1
16,89,1
80,75,1
13,25,1
13,92,1
45,21,1
4,18,1
67,90,1
79,74,1
51,10,1
30,91,1
18,50,1
65,22,1
18,81,1
35,95,1
24,95,1
30,7,1
62,33,1
88,52,1
41,90,1
27,30,1
67,62,1
67,7,1
97,30,1
11,86,1
97,6,1
79,86,1
49,24,1
55,93,1
71,56,1
42,75,1
99,61,1
5,65,1
95,5,1
45,23,1
74,46,1
97,61,1
14,35,1
14,2,1
67,21,1
41,50,1
70,46,1
80,78,1
30,51,1
25,20,1
21,79,1
58,10,1
82,87,1
1,0,1
52,30,1
78,93,1
3,47,1
36,68,1
36,68,1
4,19,1
56,15,1
97,61,1
12,25,1
91,15,1
82,14,1
91,37,1
27,50,1
56,87,1
23,5,1
94,35,1
88,49,1
56,46,1
83,63,1
3,39,1
23,91,1
79,14,1
81,21,1
7,74,1
7,90,1
49,89,1
92,27,1
71,47,1
49,44,1
46,37,1
93,21,1
9,43,1
86,10,1
56,33,1
58,90,1
66,12,1
43,2,1
78,62,1
53,91,1
51,5,1
17,74,1
41,22,1
70,89,1
54,93,1
44,37,1
74,47,1
7,58,1
44,63,1
80,49,1
12,94,1
91,45,1
59,87,1
63,19,1
36,68,1
36,68,1
18,39,1
42,38,1
33,7,1
33,98,1
22,30,1
90,7,1
25,33,1
87,37,1
88,87,1
76,49,1
90,10,1
54,17,1
51,7,1
51,12,1
97,5,1
50,55,1
3,93,1
54,72,1
50,72,1
43,60,1
43,47,1
12,51,1
76,99,1
16,84,1
16,32,1
18,41,1
44,53,1
8,54,1
76,41,1
6,83,1
93,47,1
93,75,1
66,34,1
95,92,1
70,20,1
15,76,1
79,58,1
13,41,1
8,59,1
93,47,1
92,27,1
41,76,1
75,49,1
71,32,1
56,42,1
20,28,1
83,49,1
84,10,1
24,12,1
20,97,1
5,95,1
47,13,1
37,70,1
76,45,1
33,21,1
90,64,1
95,41,1
53,17,1
6,46,1
55,66,1
39,0,1
1,16,1
58,78,1
15,97,1
84,50,1
43,30,1
89,83,1
18,82,1
8,56,1
34,27,1
67,53,1
10,82,1
76,96,1
33,28,1
97,44,1
97,58,1
16,3,1
23,3,1
15,21,1
10,21,1
27,99,1
27,80,1
94,92,1
46,86,1
71,97,1
39,63,1
10,74,1
92,76,1
28,97,1
89,0,1
3,41,1
38,59,1
87,76,1
83,65,1
42,70,1
3,87,1
87,30,1
34,55,1
1,17,1
56,74,1
76,92,1
67,21,1
11,43,1
11,35,1
21,72,1
82,79,1
82,20,1
30,94,1
96,23,1
39,86,1
91,66,1
21,89,1
43,74,1
86,61,1
94,92,1
30,84,1
98,33,1
39,10,1
37,38,1
11,23,1
11,3,1
34,47,1
75,17,1
22,66,1
56,84,1
23,74,1
79,23,1
54,15,1
43,97,1
82,25,1
13,19,1
81,13,1
63,22,1
90,6,1
34,41,1
97,24,1
92,16,1
12,13,1
49,46,1
49,30,1
65,33,1
96,66,1
65,15,1
13,49,1
14,49,1
37,53,1
71,66,1
58,0,1
46,67,1
21,30,1
98,65,1
97,28,1
74,35,1
43,75,1
16,6,1
79,96,1
43,95,1
92,21,1
82,65,1
94,12,1
91,72,1
13,11,1
3,98,1
28,89,1
99,90,1
45,23,1
41,71,1
67,96,1
12,96,1
47,18,1
62,25,1
34,9,1
14,23,1
81,86,1
17,97,1
45,34,1
55,18,1
23,65,1
46,23,1
18,67,1
10,11,1
65,32,1
25,1,1
52,1,1
36,68,1
36,68,1
36,68,1
36,68,1
36,68,1
6,63,1
92,39,1
25,52,1
13,12,1
86,76,1
19,28,1
27,56,1
54,46,1
79,18,1
22,67,1
59,93,1
50,89,1
50,89,1
79,47,1
66,89,1
91,56,1